item,content,short_trigger,workerid,prior_type,prior_fact,block_ai,ai,projective,eventItemNr,eventItem,contentNew,prior_typeNew,contentFact,Mean_prior,YMin_prior,YMax_prior,cMean_prior,cai,betaProjective,betaAI
be_annoyed_charley,charley,be.annoyed,49,high_prior,Charley lives in Mexico,block2,1,0.89,20: Charley speaks Spanish,Charley speaks Spanish,Charley speaks Spanish,factH,Charley speaks Spanish-factH,0.8427619047619047,0.8281089285714286,0.8570238095238095,0.3981365495795207,0.108030888030888,0.8884942084942085,0.9980694980694981
be_annoyed_charley,charley,be.annoyed,93,high_prior,Charley lives in Mexico,block2,0.02000000000000001,0.99,20: Charley speaks Spanish,Charley speaks Spanish,Charley speaks Spanish,factH,Charley speaks Spanish-factH,0.8427619047619047,0.8281089285714286,0.8570238095238095,0.3981365495795207,-0.871969111969112,0.988108108108108,0.021853281853281864
be_annoyed_charley,charley,be.annoyed,130,low_prior,Charley lives in Korea,block2,0.99,0.9,20: Charley speaks Spanish,Charley speaks Spanish,Charley speaks Spanish,factL,Charley speaks Spanish-factL,0.2666816143497758,0.2503576233183857,0.28274831838565023,-0.17794374083260822,0.098030888030888,0.8984555984555985,0.988108108108108
be_annoyed_charley,charley,be.annoyed,231,low_prior,Charley lives in Korea,block2,0.99,1,20: Charley speaks Spanish,Charley speaks Spanish,Charley speaks Spanish,factL,Charley speaks Spanish-factL,0.2666816143497758,0.2503576233183857,0.28274831838565023,-0.17794374083260822,0.098030888030888,0.9980694980694981,0.988108108108108
be_annoyed_charley,charley,be.annoyed,252,high_prior,Charley lives in Mexico,block2,0.96,0.96,20: Charley speaks Spanish,Charley speaks Spanish,Charley speaks Spanish,factH,Charley speaks Spanish-factH,0.8427619047619047,0.8281089285714286,0.8570238095238095,0.3981365495795207,0.06803088803088797,0.9582239382239381,0.9582239382239381
be_annoyed_charley,charley,be.annoyed,296,high_prior,Charley lives in Mexico,block2,1,1,20: Charley speaks Spanish,Charley speaks Spanish,Charley speaks Spanish,factH,Charley speaks Spanish-factH,0.8427619047619047,0.8281089285714286,0.8570238095238095,0.3981365495795207,0.108030888030888,0.9980694980694981,0.9980694980694981
be_annoyed_charley,charley,be.annoyed,331,high_prior,Charley lives in Mexico,block2,1,1,20: Charley speaks Spanish,Charley speaks Spanish,Charley speaks Spanish,factH,Charley speaks Spanish-factH,0.8427619047619047,0.8281089285714286,0.8570238095238095,0.3981365495795207,0.108030888030888,0.9980694980694981,0.9980694980694981
be_annoyed_charley,charley,be.annoyed,357,low_prior,Charley lives in Korea,block2,1,0.83,20: Charley speaks Spanish,Charley speaks Spanish,Charley speaks Spanish,factL,Charley speaks Spanish-factL,0.2666816143497758,0.2503576233183857,0.28274831838565023,-0.17794374083260822,0.108030888030888,0.8287258687258686,0.9980694980694981
be_annoyed_charley,charley,be.annoyed,359,low_prior,Charley lives in Korea,block2,0.7,0.57,20: Charley speaks Spanish,Charley speaks Spanish,Charley speaks Spanish,factL,Charley speaks Spanish-factL,0.2666816143497758,0.2503576233183857,0.28274831838565023,-0.17794374083260822,-0.19196911196911204,0.5697297297297297,0.6992277992277992
be_annoyed_charley,charley,be.annoyed,397,high_prior,Charley lives in Mexico,block2,0.98,1,20: Charley speaks Spanish,Charley speaks Spanish,Charley speaks Spanish,factH,Charley speaks Spanish-factH,0.8427619047619047,0.8281089285714286,0.8570238095238095,0.3981365495795207,0.08803088803088799,0.9980694980694981,0.9781467181467182
be_annoyed_charley,charley,be.annoyed,399,high_prior,Charley lives in Mexico,block2,0.93,0.94,20: Charley speaks Spanish,Charley speaks Spanish,Charley speaks Spanish,factH,Charley speaks Spanish-factH,0.8427619047619047,0.8281089285714286,0.8570238095238095,0.3981365495795207,0.038030888030888055,0.9383011583011582,0.9283397683397684
be_annoyed_charley,charley,be.annoyed,410,low_prior,Charley lives in Korea,block2,0.98,0.74,20: Charley speaks Spanish,Charley speaks Spanish,Charley speaks Spanish,factL,Charley speaks Spanish-factL,0.2666816143497758,0.2503576233183857,0.28274831838565023,-0.17794374083260822,0.08803088803088799,0.739073359073359,0.9781467181467182
be_annoyed_charley,charley,be.annoyed,453,high_prior,Charley lives in Mexico,block2,0.7,0.29,20: Charley speaks Spanish,Charley speaks Spanish,Charley speaks Spanish,factH,Charley speaks Spanish-factH,0.8427619047619047,0.8281089285714286,0.8570238095238095,0.3981365495795207,-0.19196911196911204,0.2908108108108108,0.6992277992277992
be_annoyed_charley,charley,be.annoyed,467,low_prior,Charley lives in Korea,block2,0.72,0.73,20: Charley speaks Spanish,Charley speaks Spanish,Charley speaks Spanish,factL,Charley speaks Spanish-factL,0.2666816143497758,0.2503576233183857,0.28274831838565023,-0.17794374083260822,-0.17196911196911202,0.7291119691119691,0.7191505791505791
be_annoyed_charley,charley,be.annoyed,504,low_prior,Charley lives in Korea,block2,0.97,0.87,20: Charley speaks Spanish,Charley speaks Spanish,Charley speaks Spanish,factL,Charley speaks Spanish-factL,0.2666816143497758,0.2503576233183857,0.28274831838565023,-0.17794374083260822,0.07803088803088798,0.8685714285714285,0.9681853281853281
be_annoyed_charley,charley,be.annoyed,531,low_prior,Charley lives in Korea,block2,1,0.93,20: Charley speaks Spanish,Charley speaks Spanish,Charley speaks Spanish,factL,Charley speaks Spanish-factL,0.2666816143497758,0.2503576233183857,0.28274831838565023,-0.17794374083260822,0.108030888030888,0.9283397683397684,0.9980694980694981
be_annoyed_charley,charley,be.annoyed,536,low_prior,Charley lives in Korea,block2,1,1,20: Charley speaks Spanish,Charley speaks Spanish,Charley speaks Spanish,factL,Charley speaks Spanish-factL,0.2666816143497758,0.2503576233183857,0.28274831838565023,-0.17794374083260822,0.108030888030888,0.9980694980694981,0.9980694980694981
be_annoyed_charley,charley,be.annoyed,550,low_prior,Charley lives in Korea,block2,0.99,0.46,20: Charley speaks Spanish,Charley speaks Spanish,Charley speaks Spanish,factL,Charley speaks Spanish-factL,0.2666816143497758,0.2503576233183857,0.28274831838565023,-0.17794374083260822,0.098030888030888,0.4601544401544402,0.988108108108108
be_annoyed_danny,danny,be.annoyed,2,high_prior,Danny loves cake,block2,1,1,11: Danny ate the last cupcake,Danny ate the last cupcake,Danny ate the last cupcake,factH,Danny ate the last cupcake-factH,0.6855633802816902,0.6683503521126761,0.7005446009389671,0.24093802509930617,0.108030888030888,0.9980694980694981,0.9980694980694981
be_annoyed_danny,danny,be.annoyed,5,low_prior,Danny is a diabetic,block2,0.95,0.78,11: Danny ate the last cupcake,Danny ate the last cupcake,Danny ate the last cupcake,factL,Danny ate the last cupcake-factL,0.24754545454545457,0.228475,0.26735113636363633,-0.19707990063692943,0.05803088803088796,0.778918918918919,0.9482625482625482
be_annoyed_danny,danny,be.annoyed,19,high_prior,Danny loves cake,block2,1,1,11: Danny ate the last cupcake,Danny ate the last cupcake,Danny ate the last cupcake,factH,Danny ate the last cupcake-factH,0.6855633802816902,0.6683503521126761,0.7005446009389671,0.24093802509930617,0.108030888030888,0.9980694980694981,0.9980694980694981
be_annoyed_danny,danny,be.annoyed,26,high_prior,Danny loves cake,block2,0.99,1,11: Danny ate the last cupcake,Danny ate the last cupcake,Danny ate the last cupcake,factH,Danny ate the last cupcake-factH,0.6855633802816902,0.6683503521126761,0.7005446009389671,0.24093802509930617,0.098030888030888,0.9980694980694981,0.988108108108108
be_annoyed_danny,danny,be.annoyed,34,low_prior,Danny is a diabetic,block2,1,0.76,11: Danny ate the last cupcake,Danny ate the last cupcake,Danny ate the last cupcake,factL,Danny ate the last cupcake-factL,0.24754545454545457,0.228475,0.26735113636363633,-0.19707990063692943,0.108030888030888,0.758996138996139,0.9980694980694981
be_annoyed_danny,danny,be.annoyed,110,high_prior,Danny loves cake,block2,0.99,0.98,11: Danny ate the last cupcake,Danny ate the last cupcake,Danny ate the last cupcake,factH,Danny ate the last cupcake-factH,0.6855633802816902,0.6683503521126761,0.7005446009389671,0.24093802509930617,0.098030888030888,0.9781467181467182,0.988108108108108
be_annoyed_danny,danny,be.annoyed,226,high_prior,Danny loves cake,block2,0.06000000000000005,0.98,11: Danny ate the last cupcake,Danny ate the last cupcake,Danny ate the last cupcake,factH,Danny ate the last cupcake-factH,0.6855633802816902,0.6683503521126761,0.7005446009389671,0.24093802509930617,-0.8319691119691119,0.9781467181467182,0.06169884169884175
be_annoyed_danny,danny,be.annoyed,227,high_prior,Danny loves cake,block2,0.96,1,11: Danny ate the last cupcake,Danny ate the last cupcake,Danny ate the last cupcake,factH,Danny ate the last cupcake-factH,0.6855633802816902,0.6683503521126761,0.7005446009389671,0.24093802509930617,0.06803088803088797,0.9980694980694981,0.9582239382239381
be_annoyed_danny,danny,be.annoyed,250,high_prior,Danny loves cake,block2,0.96,0.95,11: Danny ate the last cupcake,Danny ate the last cupcake,Danny ate the last cupcake,factH,Danny ate the last cupcake-factH,0.6855633802816902,0.6683503521126761,0.7005446009389671,0.24093802509930617,0.06803088803088797,0.9482625482625482,0.9582239382239381
be_annoyed_danny,danny,be.annoyed,280,low_prior,Danny is a diabetic,block2,0.49,1,11: Danny ate the last cupcake,Danny ate the last cupcake,Danny ate the last cupcake,factL,Danny ate the last cupcake-factL,0.24754545454545457,0.228475,0.26735113636363633,-0.19707990063692943,-0.401969111969112,0.9980694980694981,0.49003861003861005
be_annoyed_danny,danny,be.annoyed,340,high_prior,Danny loves cake,block2,0.75,0.78,11: Danny ate the last cupcake,Danny ate the last cupcake,Danny ate the last cupcake,factH,Danny ate the last cupcake-factH,0.6855633802816902,0.6683503521126761,0.7005446009389671,0.24093802509930617,-0.141969111969112,0.778918918918919,0.749034749034749
be_annoyed_danny,danny,be.annoyed,401,low_prior,Danny is a diabetic,block2,0.73,1,11: Danny ate the last cupcake,Danny ate the last cupcake,Danny ate the last cupcake,factL,Danny ate the last cupcake-factL,0.24754545454545457,0.228475,0.26735113636363633,-0.19707990063692943,-0.161969111969112,0.9980694980694981,0.7291119691119691
be_annoyed_danny,danny,be.annoyed,425,high_prior,Danny loves cake,block2,0.98,0.83,11: Danny ate the last cupcake,Danny ate the last cupcake,Danny ate the last cupcake,factH,Danny ate the last cupcake-factH,0.6855633802816902,0.6683503521126761,0.7005446009389671,0.24093802509930617,0.08803088803088799,0.8287258687258686,0.9781467181467182
be_annoyed_danny,danny,be.annoyed,450,high_prior,Danny loves cake,block2,1,0.84,11: Danny ate the last cupcake,Danny ate the last cupcake,Danny ate the last cupcake,factH,Danny ate the last cupcake-factH,0.6855633802816902,0.6683503521126761,0.7005446009389671,0.24093802509930617,0.108030888030888,0.8386872586872587,0.9980694980694981
be_annoyed_danny,danny,be.annoyed,457,low_prior,Danny is a diabetic,block2,0.94,0.88,11: Danny ate the last cupcake,Danny ate the last cupcake,Danny ate the last cupcake,factL,Danny ate the last cupcake-factL,0.24754545454545457,0.228475,0.26735113636363633,-0.19707990063692943,0.04803088803088795,0.8785328185328185,0.9383011583011582
be_annoyed_danny,danny,be.annoyed,460,low_prior,Danny is a diabetic,block2,0.51,0.01,11: Danny ate the last cupcake,Danny ate the last cupcake,Danny ate the last cupcake,factL,Danny ate the last cupcake-factL,0.24754545454545457,0.228475,0.26735113636363633,-0.19707990063692943,-0.381969111969112,0.011891891891891892,0.50996138996139
be_annoyed_danny,danny,be.annoyed,493,low_prior,Danny is a diabetic,block2,1,1,11: Danny ate the last cupcake,Danny ate the last cupcake,Danny ate the last cupcake,factL,Danny ate the last cupcake-factL,0.24754545454545457,0.228475,0.26735113636363633,-0.19707990063692943,0.108030888030888,0.9980694980694981,0.9980694980694981
be_annoyed_danny,danny,be.annoyed,497,high_prior,Danny loves cake,block2,0.98,0.95,11: Danny ate the last cupcake,Danny ate the last cupcake,Danny ate the last cupcake,factH,Danny ate the last cupcake-factH,0.6855633802816902,0.6683503521126761,0.7005446009389671,0.24093802509930617,0.08803088803088799,0.9482625482625482,0.9781467181467182
be_annoyed_danny,danny,be.annoyed,543,high_prior,Danny loves cake,block2,1,0.99,11: Danny ate the last cupcake,Danny ate the last cupcake,Danny ate the last cupcake,factH,Danny ate the last cupcake-factH,0.6855633802816902,0.6683503521126761,0.7005446009389671,0.24093802509930617,0.108030888030888,0.988108108108108,0.9980694980694981
be_annoyed_danny,danny,be.annoyed,589,high_prior,Danny loves cake,block2,0.04000000000000003,0.02,11: Danny ate the last cupcake,Danny ate the last cupcake,Danny ate the last cupcake,factH,Danny ate the last cupcake-factH,0.6855633802816902,0.6683503521126761,0.7005446009389671,0.24093802509930617,-0.851969111969112,0.021853281853281854,0.0417760617760618
be_annoyed_emily,emily,be.annoyed,125,low_prior,Emily never has any money,block2,0.81,0.91,8: Emily bought a car yesterday,Emily bought a car yesterday,Emily bought a car yesterday,factL,Emily bought a car yesterday-factL,0.127454128440367,0.1119684633027523,0.14520756880733943,-0.31717122674201703,-0.08196911196911194,0.9084169884169884,0.8088030888030888
be_annoyed_emily,emily,be.annoyed,159,low_prior,Emily never has any money,block2,0.98,0.95,8: Emily bought a car yesterday,Emily bought a car yesterday,Emily bought a car yesterday,factL,Emily bought a car yesterday-factL,0.127454128440367,0.1119684633027523,0.14520756880733943,-0.31717122674201703,0.08803088803088799,0.9482625482625482,0.9781467181467182
be_annoyed_emily,emily,be.annoyed,209,low_prior,Emily never has any money,block2,0.96,0.81,8: Emily bought a car yesterday,Emily bought a car yesterday,Emily bought a car yesterday,factL,Emily bought a car yesterday-factL,0.127454128440367,0.1119684633027523,0.14520756880733943,-0.31717122674201703,0.06803088803088797,0.8088030888030888,0.9582239382239381
be_annoyed_emily,emily,be.annoyed,213,low_prior,Emily never has any money,block2,1,1,8: Emily bought a car yesterday,Emily bought a car yesterday,Emily bought a car yesterday,factL,Emily bought a car yesterday-factL,0.127454128440367,0.1119684633027523,0.14520756880733943,-0.31717122674201703,0.108030888030888,0.9980694980694981,0.9980694980694981
be_annoyed_emily,emily,be.annoyed,316,high_prior,Emily has been saving for a year,block2,0.91,0.97,8: Emily bought a car yesterday,Emily bought a car yesterday,Emily bought a car yesterday,factH,Emily bought a car yesterday-factH,0.5171162790697674,0.4958133720930232,0.5382331395348836,0.07249092388738343,0.018030888030888037,0.9681853281853281,0.9084169884169884
be_annoyed_emily,emily,be.annoyed,368,high_prior,Emily has been saving for a year,block2,1,0.92,8: Emily bought a car yesterday,Emily bought a car yesterday,Emily bought a car yesterday,factH,Emily bought a car yesterday-factH,0.5171162790697674,0.4958133720930232,0.5382331395348836,0.07249092388738343,0.108030888030888,0.9183783783783784,0.9980694980694981
be_annoyed_emily,emily,be.annoyed,431,low_prior,Emily never has any money,block2,0.95,0.83,8: Emily bought a car yesterday,Emily bought a car yesterday,Emily bought a car yesterday,factL,Emily bought a car yesterday-factL,0.127454128440367,0.1119684633027523,0.14520756880733943,-0.31717122674201703,0.05803088803088796,0.8287258687258686,0.9482625482625482
be_annoyed_emily,emily,be.annoyed,486,low_prior,Emily never has any money,block2,0.6799999999999999,0.98,8: Emily bought a car yesterday,Emily bought a car yesterday,Emily bought a car yesterday,factL,Emily bought a car yesterday-factL,0.127454128440367,0.1119684633027523,0.14520756880733943,-0.31717122674201703,-0.21196911196911206,0.9781467181467182,0.6793050193050193
be_annoyed_emily,emily,be.annoyed,491,low_prior,Emily never has any money,block2,0.84,0.89,8: Emily bought a car yesterday,Emily bought a car yesterday,Emily bought a car yesterday,factL,Emily bought a car yesterday-factL,0.127454128440367,0.1119684633027523,0.14520756880733943,-0.31717122674201703,-0.051969111969112025,0.8884942084942085,0.8386872586872587
be_annoyed_emma,emma,be.annoyed,18,high_prior,Emma is in law school,block2,0.97,0.98,3: Emma studied on Saturday morning,Emma studied on Saturday morning,Emma studied on Saturday morning,factH,Emma studied on Saturday morning-factH,0.7071824480369515,0.6921200923787528,0.7232806004618938,0.2625570928545675,0.07803088803088798,0.9781467181467182,0.9681853281853281
be_annoyed_emma,emma,be.annoyed,46,low_prior,Emma is in first grade,block2,1,0.93,3: Emma studied on Saturday morning,Emma studied on Saturday morning,Emma studied on Saturday morning,factL,Emma studied on Saturday morning-factL,0.2759353348729792,0.25364896073903004,0.2978083140877599,-0.16869002030940478,0.108030888030888,0.9283397683397684,0.9980694980694981
be_annoyed_emma,emma,be.annoyed,175,low_prior,Emma is in first grade,block2,1,0.97,3: Emma studied on Saturday morning,Emma studied on Saturday morning,Emma studied on Saturday morning,factL,Emma studied on Saturday morning-factL,0.2759353348729792,0.25364896073903004,0.2978083140877599,-0.16869002030940478,0.108030888030888,0.9681853281853281,0.9980694980694981
be_annoyed_emma,emma,be.annoyed,196,high_prior,Emma is in law school,block2,0.69,0.87,3: Emma studied on Saturday morning,Emma studied on Saturday morning,Emma studied on Saturday morning,factH,Emma studied on Saturday morning-factH,0.7071824480369515,0.6921200923787528,0.7232806004618938,0.2625570928545675,-0.20196911196911205,0.8685714285714285,0.6892664092664091
be_annoyed_emma,emma,be.annoyed,210,low_prior,Emma is in first grade,block2,1,0.94,3: Emma studied on Saturday morning,Emma studied on Saturday morning,Emma studied on Saturday morning,factL,Emma studied on Saturday morning-factL,0.2759353348729792,0.25364896073903004,0.2978083140877599,-0.16869002030940478,0.108030888030888,0.9383011583011582,0.9980694980694981
be_annoyed_emma,emma,be.annoyed,349,high_prior,Emma is in law school,block2,0.99,0.99,3: Emma studied on Saturday morning,Emma studied on Saturday morning,Emma studied on Saturday morning,factH,Emma studied on Saturday morning-factH,0.7071824480369515,0.6921200923787528,0.7232806004618938,0.2625570928545675,0.098030888030888,0.988108108108108,0.988108108108108
be_annoyed_emma,emma,be.annoyed,436,low_prior,Emma is in first grade,block2,0.99,0.89,3: Emma studied on Saturday morning,Emma studied on Saturday morning,Emma studied on Saturday morning,factL,Emma studied on Saturday morning-factL,0.2759353348729792,0.25364896073903004,0.2978083140877599,-0.16869002030940478,0.098030888030888,0.8884942084942085,0.988108108108108
be_annoyed_emma,emma,be.annoyed,478,high_prior,Emma is in law school,block2,0.72,0.84,3: Emma studied on Saturday morning,Emma studied on Saturday morning,Emma studied on Saturday morning,factH,Emma studied on Saturday morning-factH,0.7071824480369515,0.6921200923787528,0.7232806004618938,0.2625570928545675,-0.17196911196911202,0.8386872586872587,0.7191505791505791
be_annoyed_emma,emma,be.annoyed,513,low_prior,Emma is in first grade,block2,0.36,0.03,3: Emma studied on Saturday morning,Emma studied on Saturday morning,Emma studied on Saturday morning,factL,Emma studied on Saturday morning-factL,0.2759353348729792,0.25364896073903004,0.2978083140877599,-0.16869002030940478,-0.531969111969112,0.03181467181467181,0.3605405405405405
be_annoyed_emma,emma,be.annoyed,520,low_prior,Emma is in first grade,block2,0.99,0.45,3: Emma studied on Saturday morning,Emma studied on Saturday morning,Emma studied on Saturday morning,factL,Emma studied on Saturday morning-factL,0.2759353348729792,0.25364896073903004,0.2978083140877599,-0.16869002030940478,0.098030888030888,0.4501930501930502,0.988108108108108
be_annoyed_emma,emma,be.annoyed,524,low_prior,Emma is in first grade,block2,0.96,0.97,3: Emma studied on Saturday morning,Emma studied on Saturday morning,Emma studied on Saturday morning,factL,Emma studied on Saturday morning-factL,0.2759353348729792,0.25364896073903004,0.2978083140877599,-0.16869002030940478,0.06803088803088797,0.9681853281853281,0.9582239382239381
be_annoyed_emma,emma,be.annoyed,533,high_prior,Emma is in law school,block2,0.9,0.78,3: Emma studied on Saturday morning,Emma studied on Saturday morning,Emma studied on Saturday morning,factH,Emma studied on Saturday morning-factH,0.7071824480369515,0.6921200923787528,0.7232806004618938,0.2625570928545675,0.008030888030888028,0.778918918918919,0.8984555984555985
be_annoyed_emma,emma,be.annoyed,535,low_prior,Emma is in first grade,block2,1,1,3: Emma studied on Saturday morning,Emma studied on Saturday morning,Emma studied on Saturday morning,factL,Emma studied on Saturday morning-factL,0.2759353348729792,0.25364896073903004,0.2978083140877599,-0.16869002030940478,0.108030888030888,0.9980694980694981,0.9980694980694981
be_annoyed_emma,emma,be.annoyed,559,high_prior,Emma is in law school,block2,0.93,0.97,3: Emma studied on Saturday morning,Emma studied on Saturday morning,Emma studied on Saturday morning,factH,Emma studied on Saturday morning-factH,0.7071824480369515,0.6921200923787528,0.7232806004618938,0.2625570928545675,0.038030888030888055,0.9681853281853281,0.9283397683397684
be_annoyed_frank,frank,be.annoyed,25,high_prior,Frank has always wanted a pet,block2,0.99,1,12: Frank got a cat,Frank got a cat,Frank got a cat,factH,Frank got a cat-factH,0.6529478458049887,0.6366853741496599,0.6679852607709751,0.20832249062260466,0.098030888030888,0.9980694980694981,0.988108108108108
be_annoyed_frank,frank,be.annoyed,92,low_prior,Frank is allergic to cats,block2,0.98,0.02,12: Frank got a cat,Frank got a cat,Frank got a cat,factL,Frank got a cat-factL,0.12691764705882352,0.11072941176470588,0.14491764705882354,-0.3177077081235605,0.08803088803088799,0.021853281853281854,0.9781467181467182
be_annoyed_frank,frank,be.annoyed,225,high_prior,Frank has always wanted a pet,block2,1,1,12: Frank got a cat,Frank got a cat,Frank got a cat,factH,Frank got a cat-factH,0.6529478458049887,0.6366853741496599,0.6679852607709751,0.20832249062260466,0.108030888030888,0.9980694980694981,0.9980694980694981
be_annoyed_frank,frank,be.annoyed,311,high_prior,Frank has always wanted a pet,block2,0.79,0.81,12: Frank got a cat,Frank got a cat,Frank got a cat,factH,Frank got a cat-factH,0.6529478458049887,0.6366853741496599,0.6679852607709751,0.20832249062260466,-0.10196911196911196,0.8088030888030888,0.7888803088803089
be_annoyed_frank,frank,be.annoyed,315,high_prior,Frank has always wanted a pet,block2,1,0.99,12: Frank got a cat,Frank got a cat,Frank got a cat,factH,Frank got a cat-factH,0.6529478458049887,0.6366853741496599,0.6679852607709751,0.20832249062260466,0.108030888030888,0.988108108108108,0.9980694980694981
be_annoyed_frank,frank,be.annoyed,322,low_prior,Frank is allergic to cats,block2,1,1,12: Frank got a cat,Frank got a cat,Frank got a cat,factL,Frank got a cat-factL,0.12691764705882352,0.11072941176470588,0.14491764705882354,-0.3177077081235605,0.108030888030888,0.9980694980694981,0.9980694980694981
be_annoyed_frank,frank,be.annoyed,341,low_prior,Frank is allergic to cats,block2,0.85,0.94,12: Frank got a cat,Frank got a cat,Frank got a cat,factL,Frank got a cat-factL,0.12691764705882352,0.11072941176470588,0.14491764705882354,-0.3177077081235605,-0.041969111969112016,0.9383011583011582,0.8486486486486485
be_annoyed_frank,frank,be.annoyed,468,low_prior,Frank is allergic to cats,block2,0.86,0.1,12: Frank got a cat,Frank got a cat,Frank got a cat,factL,Frank got a cat-factL,0.12691764705882352,0.11072941176470588,0.14491764705882354,-0.3177077081235605,-0.03196911196911201,0.10154440154440154,0.8586100386100386
be_annoyed_frank,frank,be.annoyed,481,low_prior,Frank is allergic to cats,block2,0.99,0.98,12: Frank got a cat,Frank got a cat,Frank got a cat,factL,Frank got a cat-factL,0.12691764705882352,0.11072941176470588,0.14491764705882354,-0.3177077081235605,0.098030888030888,0.9781467181467182,0.988108108108108
be_annoyed_frank,frank,be.annoyed,498,low_prior,Frank is allergic to cats,block2,1,0.99,12: Frank got a cat,Frank got a cat,Frank got a cat,factL,Frank got a cat-factL,0.12691764705882352,0.11072941176470588,0.14491764705882354,-0.3177077081235605,0.108030888030888,0.988108108108108,0.9980694980694981
be_annoyed_frank,frank,be.annoyed,514,low_prior,Frank is allergic to cats,block2,0.98,1,12: Frank got a cat,Frank got a cat,Frank got a cat,factL,Frank got a cat-factL,0.12691764705882352,0.11072941176470588,0.14491764705882354,-0.3177077081235605,0.08803088803088799,0.9980694980694981,0.9781467181467182
be_annoyed_frank,frank,be.annoyed,517,high_prior,Frank has always wanted a pet,block2,1,0.96,12: Frank got a cat,Frank got a cat,Frank got a cat,factH,Frank got a cat-factH,0.6529478458049887,0.6366853741496599,0.6679852607709751,0.20832249062260466,0.108030888030888,0.9582239382239381,0.9980694980694981
be_annoyed_grace,grace,be.annoyed,0,high_prior,Grace loves her sister,block2,0.98,0.93,9: Grace visited her sister,Grace visited her sister,Grace visited her sister,factH,Grace visited her sister-factH,0.8010989010989011,0.7860186813186814,0.8147851648351648,0.35647354591651714,0.08803088803088799,0.9283397683397684,0.9781467181467182
be_annoyed_grace,grace,be.annoyed,44,high_prior,Grace loves her sister,block2,0.98,0.98,9: Grace visited her sister,Grace visited her sister,Grace visited her sister,factH,Grace visited her sister-factH,0.8010989010989011,0.7860186813186814,0.8147851648351648,0.35647354591651714,0.08803088803088799,0.9781467181467182,0.9781467181467182
be_annoyed_grace,grace,be.annoyed,52,high_prior,Grace loves her sister,block2,0.84,0.87,9: Grace visited her sister,Grace visited her sister,Grace visited her sister,factH,Grace visited her sister-factH,0.8010989010989011,0.7860186813186814,0.8147851648351648,0.35647354591651714,-0.051969111969112025,0.8685714285714285,0.8386872586872587
be_annoyed_grace,grace,be.annoyed,187,high_prior,Grace loves her sister,block2,1,1,9: Grace visited her sister,Grace visited her sister,Grace visited her sister,factH,Grace visited her sister-factH,0.8010989010989011,0.7860186813186814,0.8147851648351648,0.35647354591651714,0.108030888030888,0.9980694980694981,0.9980694980694981
be_annoyed_grace,grace,be.annoyed,197,low_prior,Grace hates her sister,block2,1,1,9: Grace visited her sister,Grace visited her sister,Grace visited her sister,factL,Grace visited her sister-factL,0.22931873479318737,0.2096301703163017,0.24844403892944036,-0.21530662038919662,0.108030888030888,0.9980694980694981,0.9980694980694981
be_annoyed_grace,grace,be.annoyed,249,low_prior,Grace hates her sister,block2,0.87,0.92,9: Grace visited her sister,Grace visited her sister,Grace visited her sister,factL,Grace visited her sister-factL,0.22931873479318737,0.2096301703163017,0.24844403892944036,-0.21530662038919662,-0.021969111969112,0.9183783783783784,0.8685714285714285
be_annoyed_grace,grace,be.annoyed,272,low_prior,Grace hates her sister,block2,1,1,9: Grace visited her sister,Grace visited her sister,Grace visited her sister,factL,Grace visited her sister-factL,0.22931873479318737,0.2096301703163017,0.24844403892944036,-0.21530662038919662,0.108030888030888,0.9980694980694981,0.9980694980694981
be_annoyed_grace,grace,be.annoyed,380,low_prior,Grace hates her sister,block2,0.95,0.95,9: Grace visited her sister,Grace visited her sister,Grace visited her sister,factL,Grace visited her sister-factL,0.22931873479318737,0.2096301703163017,0.24844403892944036,-0.21530662038919662,0.05803088803088796,0.9482625482625482,0.9482625482625482
be_annoyed_grace,grace,be.annoyed,525,high_prior,Grace loves her sister,block2,1,0.97,9: Grace visited her sister,Grace visited her sister,Grace visited her sister,factH,Grace visited her sister-factH,0.8010989010989011,0.7860186813186814,0.8147851648351648,0.35647354591651714,0.108030888030888,0.9681853281853281,0.9980694980694981
be_annoyed_grace,grace,be.annoyed,566,high_prior,Grace loves her sister,block2,0.95,0.83,9: Grace visited her sister,Grace visited her sister,Grace visited her sister,factH,Grace visited her sister-factH,0.8010989010989011,0.7860186813186814,0.8147851648351648,0.35647354591651714,0.05803088803088796,0.8287258687258686,0.9482625482625482
be_annoyed_grace,grace,be.annoyed,570,high_prior,Grace loves her sister,block2,0.97,0.46,9: Grace visited her sister,Grace visited her sister,Grace visited her sister,factH,Grace visited her sister-factH,0.8010989010989011,0.7860186813186814,0.8147851648351648,0.35647354591651714,0.07803088803088798,0.4601544401544402,0.9681853281853281
be_annoyed_grace,grace,be.annoyed,585,low_prior,Grace hates her sister,block2,0.99,0.98,9: Grace visited her sister,Grace visited her sister,Grace visited her sister,factL,Grace visited her sister-factL,0.22931873479318737,0.2096301703163017,0.24844403892944036,-0.21530662038919662,0.098030888030888,0.9781467181467182,0.988108108108108
be_annoyed_isabella,isabella,be.annoyed,11,low_prior,Isabella is a vegetarian,block2,0.95,0.9,7: Isabella ate a steak on Sunday,Isabella ate a steak on Sunday,Isabella ate a steak on Sunday,factL,Isabella ate a steak on Sunday-factL,0.09432242990654206,0.07841063084112149,0.11161390186915889,-0.35030292527584195,0.05803088803088796,0.8984555984555985,0.9482625482625482
be_annoyed_isabella,isabella,be.annoyed,23,high_prior,Isabella is from Argentina,block2,1,1,7: Isabella ate a steak on Sunday,Isabella ate a steak on Sunday,Isabella ate a steak on Sunday,factH,Isabella ate a steak on Sunday-factH,0.4992009132420091,0.4839925799086757,0.5139554794520549,0.05457555805962511,0.108030888030888,0.9980694980694981,0.9980694980694981
be_annoyed_isabella,isabella,be.annoyed,29,high_prior,Isabella is from Argentina,block2,0.94,0.83,7: Isabella ate a steak on Sunday,Isabella ate a steak on Sunday,Isabella ate a steak on Sunday,factH,Isabella ate a steak on Sunday-factH,0.4992009132420091,0.4839925799086757,0.5139554794520549,0.05457555805962511,0.04803088803088795,0.8287258687258686,0.9383011583011582
be_annoyed_isabella,isabella,be.annoyed,35,low_prior,Isabella is a vegetarian,block2,0.98,0.99,7: Isabella ate a steak on Sunday,Isabella ate a steak on Sunday,Isabella ate a steak on Sunday,factL,Isabella ate a steak on Sunday-factL,0.09432242990654206,0.07841063084112149,0.11161390186915889,-0.35030292527584195,0.08803088803088799,0.988108108108108,0.9781467181467182
be_annoyed_isabella,isabella,be.annoyed,119,low_prior,Isabella is a vegetarian,block2,0.97,0.92,7: Isabella ate a steak on Sunday,Isabella ate a steak on Sunday,Isabella ate a steak on Sunday,factL,Isabella ate a steak on Sunday-factL,0.09432242990654206,0.07841063084112149,0.11161390186915889,-0.35030292527584195,0.07803088803088798,0.9183783783783784,0.9681853281853281
be_annoyed_isabella,isabella,be.annoyed,326,low_prior,Isabella is a vegetarian,block2,1,0.98,7: Isabella ate a steak on Sunday,Isabella ate a steak on Sunday,Isabella ate a steak on Sunday,factL,Isabella ate a steak on Sunday-factL,0.09432242990654206,0.07841063084112149,0.11161390186915889,-0.35030292527584195,0.108030888030888,0.9781467181467182,0.9980694980694981
be_annoyed_isabella,isabella,be.annoyed,342,low_prior,Isabella is a vegetarian,block2,0.96,0.99,7: Isabella ate a steak on Sunday,Isabella ate a steak on Sunday,Isabella ate a steak on Sunday,factL,Isabella ate a steak on Sunday-factL,0.09432242990654206,0.07841063084112149,0.11161390186915889,-0.35030292527584195,0.06803088803088797,0.988108108108108,0.9582239382239381
be_annoyed_isabella,isabella,be.annoyed,364,low_prior,Isabella is a vegetarian,block2,1,0.77,7: Isabella ate a steak on Sunday,Isabella ate a steak on Sunday,Isabella ate a steak on Sunday,factL,Isabella ate a steak on Sunday-factL,0.09432242990654206,0.07841063084112149,0.11161390186915889,-0.35030292527584195,0.108030888030888,0.7689575289575289,0.9980694980694981
be_annoyed_isabella,isabella,be.annoyed,430,low_prior,Isabella is a vegetarian,block2,0.98,0.99,7: Isabella ate a steak on Sunday,Isabella ate a steak on Sunday,Isabella ate a steak on Sunday,factL,Isabella ate a steak on Sunday-factL,0.09432242990654206,0.07841063084112149,0.11161390186915889,-0.35030292527584195,0.08803088803088799,0.988108108108108,0.9781467181467182
be_annoyed_isabella,isabella,be.annoyed,437,high_prior,Isabella is from Argentina,block2,1,0.99,7: Isabella ate a steak on Sunday,Isabella ate a steak on Sunday,Isabella ate a steak on Sunday,factH,Isabella ate a steak on Sunday-factH,0.4992009132420091,0.4839925799086757,0.5139554794520549,0.05457555805962511,0.108030888030888,0.988108108108108,0.9980694980694981
be_annoyed_jackson,jackson,be.annoyed,144,low_prior,Jackson is obese,block2,0.74,0.82,13: Jackson ran 10 miles,Jackson ran 10 miles,Jackson ran 10 miles,factL,Jackson ran 10 miles-factL,0.15021881838074397,0.1357100656455142,0.16622100656455144,-0.29440653680164003,-0.151969111969112,0.8187644787644787,0.739073359073359
be_annoyed_jackson,jackson,be.annoyed,161,high_prior,Jackson is training for a marathon,block2,1,1,13: Jackson ran 10 miles,Jackson ran 10 miles,Jackson ran 10 miles,factH,Jackson ran 10 miles-factH,0.794718826405868,0.7780568459657702,0.8111986552567236,0.350093471223484,0.108030888030888,0.9980694980694981,0.9980694980694981
be_annoyed_jackson,jackson,be.annoyed,169,low_prior,Jackson is obese,block2,1,0.78,13: Jackson ran 10 miles,Jackson ran 10 miles,Jackson ran 10 miles,factL,Jackson ran 10 miles-factL,0.15021881838074397,0.1357100656455142,0.16622100656455144,-0.29440653680164003,0.108030888030888,0.778918918918919,0.9980694980694981
be_annoyed_jackson,jackson,be.annoyed,212,high_prior,Jackson is training for a marathon,block2,0.96,0.88,13: Jackson ran 10 miles,Jackson ran 10 miles,Jackson ran 10 miles,factH,Jackson ran 10 miles-factH,0.794718826405868,0.7780568459657702,0.8111986552567236,0.350093471223484,0.06803088803088797,0.8785328185328185,0.9582239382239381
be_annoyed_jackson,jackson,be.annoyed,233,low_prior,Jackson is obese,block2,0.97,0.95,13: Jackson ran 10 miles,Jackson ran 10 miles,Jackson ran 10 miles,factL,Jackson ran 10 miles-factL,0.15021881838074397,0.1357100656455142,0.16622100656455144,-0.29440653680164003,0.07803088803088798,0.9482625482625482,0.9681853281853281
be_annoyed_jackson,jackson,be.annoyed,244,low_prior,Jackson is obese,block2,1,0.48,13: Jackson ran 10 miles,Jackson ran 10 miles,Jackson ran 10 miles,factL,Jackson ran 10 miles-factL,0.15021881838074397,0.1357100656455142,0.16622100656455144,-0.29440653680164003,0.108030888030888,0.48007722007722003,0.9980694980694981
be_annoyed_jackson,jackson,be.annoyed,251,low_prior,Jackson is obese,block2,1,1,13: Jackson ran 10 miles,Jackson ran 10 miles,Jackson ran 10 miles,factL,Jackson ran 10 miles-factL,0.15021881838074397,0.1357100656455142,0.16622100656455144,-0.29440653680164003,0.108030888030888,0.9980694980694981,0.9980694980694981
be_annoyed_jackson,jackson,be.annoyed,502,high_prior,Jackson is training for a marathon,block2,1,1,13: Jackson ran 10 miles,Jackson ran 10 miles,Jackson ran 10 miles,factH,Jackson ran 10 miles-factH,0.794718826405868,0.7780568459657702,0.8111986552567236,0.350093471223484,0.108030888030888,0.9980694980694981,0.9980694980694981
be_annoyed_jackson,jackson,be.annoyed,582,high_prior,Jackson is training for a marathon,block2,1,1,13: Jackson ran 10 miles,Jackson ran 10 miles,Jackson ran 10 miles,factH,Jackson ran 10 miles-factH,0.794718826405868,0.7780568459657702,0.8111986552567236,0.350093471223484,0.108030888030888,0.9980694980694981,0.9980694980694981
be_annoyed_jayden,jayden,be.annoyed,15,high_prior,Jayden's car is in the shop,block2,0.98,0.97,14: Jayden rented a car,Jayden rented a car,Jayden rented a car,factH,Jayden rented a car-factH,0.6610697674418604,0.6415965116279069,0.6797767441860465,0.21644441225947642,0.08803088803088799,0.9681853281853281,0.9781467181467182
be_annoyed_jayden,jayden,be.annoyed,113,low_prior,Jayden doesn't have a driver's license,block2,0.95,0.84,14: Jayden rented a car,Jayden rented a car,Jayden rented a car,factL,Jayden rented a car-factL,0.12252293577981654,0.10384461009174312,0.14429300458715597,-0.32210241940256745,0.05803088803088796,0.8386872586872587,0.9482625482625482
be_annoyed_jayden,jayden,be.annoyed,120,low_prior,Jayden doesn't have a driver's license,block2,0.98,0.87,14: Jayden rented a car,Jayden rented a car,Jayden rented a car,factL,Jayden rented a car-factL,0.12252293577981654,0.10384461009174312,0.14429300458715597,-0.32210241940256745,0.08803088803088799,0.8685714285714285,0.9781467181467182
be_annoyed_jayden,jayden,be.annoyed,143,high_prior,Jayden's car is in the shop,block2,0.97,0.97,14: Jayden rented a car,Jayden rented a car,Jayden rented a car,factH,Jayden rented a car-factH,0.6610697674418604,0.6415965116279069,0.6797767441860465,0.21644441225947642,0.07803088803088798,0.9681853281853281,0.9681853281853281
be_annoyed_jayden,jayden,be.annoyed,179,high_prior,Jayden's car is in the shop,block2,1,1,14: Jayden rented a car,Jayden rented a car,Jayden rented a car,factH,Jayden rented a car-factH,0.6610697674418604,0.6415965116279069,0.6797767441860465,0.21644441225947642,0.108030888030888,0.9980694980694981,0.9980694980694981
be_annoyed_jayden,jayden,be.annoyed,181,low_prior,Jayden doesn't have a driver's license,block2,1,0.86,14: Jayden rented a car,Jayden rented a car,Jayden rented a car,factL,Jayden rented a car-factL,0.12252293577981654,0.10384461009174312,0.14429300458715597,-0.32210241940256745,0.108030888030888,0.8586100386100386,0.9980694980694981
be_annoyed_jayden,jayden,be.annoyed,201,high_prior,Jayden's car is in the shop,block2,0.93,0.78,14: Jayden rented a car,Jayden rented a car,Jayden rented a car,factH,Jayden rented a car-factH,0.6610697674418604,0.6415965116279069,0.6797767441860465,0.21644441225947642,0.038030888030888055,0.778918918918919,0.9283397683397684
be_annoyed_jayden,jayden,be.annoyed,243,high_prior,Jayden's car is in the shop,block2,0.9,0.82,14: Jayden rented a car,Jayden rented a car,Jayden rented a car,factH,Jayden rented a car-factH,0.6610697674418604,0.6415965116279069,0.6797767441860465,0.21644441225947642,0.008030888030888028,0.8187644787644787,0.8984555984555985
be_annoyed_jayden,jayden,be.annoyed,282,high_prior,Jayden's car is in the shop,block2,1,1,14: Jayden rented a car,Jayden rented a car,Jayden rented a car,factH,Jayden rented a car-factH,0.6610697674418604,0.6415965116279069,0.6797767441860465,0.21644441225947642,0.108030888030888,0.9980694980694981,0.9980694980694981
be_annoyed_jayden,jayden,be.annoyed,286,high_prior,Jayden's car is in the shop,block2,0.94,0.93,14: Jayden rented a car,Jayden rented a car,Jayden rented a car,factH,Jayden rented a car-factH,0.6610697674418604,0.6415965116279069,0.6797767441860465,0.21644441225947642,0.04803088803088795,0.9283397683397684,0.9383011583011582
be_annoyed_jayden,jayden,be.annoyed,298,high_prior,Jayden's car is in the shop,block2,0.85,0.53,14: Jayden rented a car,Jayden rented a car,Jayden rented a car,factH,Jayden rented a car-factH,0.6610697674418604,0.6415965116279069,0.6797767441860465,0.21644441225947642,-0.041969111969112016,0.5298841698841699,0.8486486486486485
be_annoyed_jayden,jayden,be.annoyed,381,high_prior,Jayden's car is in the shop,block2,0.79,0.79,14: Jayden rented a car,Jayden rented a car,Jayden rented a car,factH,Jayden rented a car-factH,0.6610697674418604,0.6415965116279069,0.6797767441860465,0.21644441225947642,-0.10196911196911196,0.7888803088803089,0.7888803088803089
be_annoyed_jayden,jayden,be.annoyed,427,low_prior,Jayden doesn't have a driver's license,block2,1,0,14: Jayden rented a car,Jayden rented a car,Jayden rented a car,factL,Jayden rented a car-factL,0.12252293577981654,0.10384461009174312,0.14429300458715597,-0.32210241940256745,0.108030888030888,0.0019305019305019305,0.9980694980694981
be_annoyed_jayden,jayden,be.annoyed,440,low_prior,Jayden doesn't have a driver's license,block2,0.97,0.98,14: Jayden rented a car,Jayden rented a car,Jayden rented a car,factL,Jayden rented a car-factL,0.12252293577981654,0.10384461009174312,0.14429300458715597,-0.32210241940256745,0.07803088803088798,0.9781467181467182,0.9681853281853281
be_annoyed_jayden,jayden,be.annoyed,479,high_prior,Jayden's car is in the shop,block2,0.96,0.98,14: Jayden rented a car,Jayden rented a car,Jayden rented a car,factH,Jayden rented a car-factH,0.6610697674418604,0.6415965116279069,0.6797767441860465,0.21644441225947642,0.06803088803088797,0.9781467181467182,0.9582239382239381
be_annoyed_jon,jon,be.annoyed,83,high_prior,Jon lives 2 blocks away from work,block2,0.98,0.98,19: Jon walks to work,Jon walks to work,Jon walks to work,factH,Jon walks to work-factH,0.7738848920863309,0.7577392086330935,0.7907673860911271,0.32925953690394694,0.08803088803088799,0.9781467181467182,0.9781467181467182
be_annoyed_jon,jon,be.annoyed,148,high_prior,Jon lives 2 blocks away from work,block2,1,1,19: Jon walks to work,Jon walks to work,Jon walks to work,factH,Jon walks to work-factH,0.7738848920863309,0.7577392086330935,0.7907673860911271,0.32925953690394694,0.108030888030888,0.9980694980694981,0.9980694980694981
be_annoyed_jon,jon,be.annoyed,291,low_prior,Jon lives 10 miles away from work,block2,1,0.99,19: Jon walks to work,Jon walks to work,Jon walks to work,factL,Jon walks to work-factL,0.1831403118040089,0.16422550111358575,0.20125278396436524,-0.2614850433783751,0.108030888030888,0.988108108108108,0.9980694980694981
be_annoyed_jon,jon,be.annoyed,321,low_prior,Jon lives 10 miles away from work,block2,0.98,0.71,19: Jon walks to work,Jon walks to work,Jon walks to work,factL,Jon walks to work-factL,0.1831403118040089,0.16422550111358575,0.20125278396436524,-0.2614850433783751,0.08803088803088799,0.709189189189189,0.9781467181467182
be_annoyed_jon,jon,be.annoyed,348,low_prior,Jon lives 10 miles away from work,block2,0.94,0.99,19: Jon walks to work,Jon walks to work,Jon walks to work,factL,Jon walks to work-factL,0.1831403118040089,0.16422550111358575,0.20125278396436524,-0.2614850433783751,0.04803088803088795,0.988108108108108,0.9383011583011582
be_annoyed_jon,jon,be.annoyed,367,high_prior,Jon lives 2 blocks away from work,block2,0.16000000000000003,0.38,19: Jon walks to work,Jon walks to work,Jon walks to work,factH,Jon walks to work-factH,0.7738848920863309,0.7577392086330935,0.7907673860911271,0.32925953690394694,-0.731969111969112,0.3804633204633205,0.16131274131274134
be_annoyed_jon,jon,be.annoyed,390,low_prior,Jon lives 10 miles away from work,block2,0.6799999999999999,0.5,19: Jon walks to work,Jon walks to work,Jon walks to work,factL,Jon walks to work-factL,0.1831403118040089,0.16422550111358575,0.20125278396436524,-0.2614850433783751,-0.21196911196911206,0.5,0.6793050193050193
be_annoyed_jon,jon,be.annoyed,446,low_prior,Jon lives 10 miles away from work,block2,0.89,0.82,19: Jon walks to work,Jon walks to work,Jon walks to work,factL,Jon walks to work-factL,0.1831403118040089,0.16422550111358575,0.20125278396436524,-0.2614850433783751,-0.0019691119691119807,0.8187644787644787,0.8884942084942085
be_annoyed_jon,jon,be.annoyed,458,high_prior,Jon lives 2 blocks away from work,block2,1,0.62,19: Jon walks to work,Jon walks to work,Jon walks to work,factH,Jon walks to work-factH,0.7738848920863309,0.7577392086330935,0.7907673860911271,0.32925953690394694,0.108030888030888,0.6195366795366796,0.9980694980694981
be_annoyed_jon,jon,be.annoyed,508,high_prior,Jon lives 2 blocks away from work,block2,1,0.99,19: Jon walks to work,Jon walks to work,Jon walks to work,factH,Jon walks to work-factH,0.7738848920863309,0.7577392086330935,0.7907673860911271,0.32925953690394694,0.108030888030888,0.988108108108108,0.9980694980694981
be_annoyed_jon,jon,be.annoyed,512,low_prior,Jon lives 10 miles away from work,block2,0.6599999999999999,0.56,19: Jon walks to work,Jon walks to work,Jon walks to work,factL,Jon walks to work-factL,0.1831403118040089,0.16422550111358575,0.20125278396436524,-0.2614850433783751,-0.23196911196911207,0.5597683397683398,0.6593822393822393
be_annoyed_jon,jon,be.annoyed,557,high_prior,Jon lives 2 blocks away from work,block2,1,0.97,19: Jon walks to work,Jon walks to work,Jon walks to work,factH,Jon walks to work-factH,0.7738848920863309,0.7577392086330935,0.7907673860911271,0.32925953690394694,0.108030888030888,0.9681853281853281,0.9980694980694981
be_annoyed_josh,josh,be.annoyed,61,high_prior,Josh is a 5-year old boy,block2,0.83,0.7,16: Josh learned to ride a bike yesterday,Josh learned to ride a bike yesterday,Josh learned to ride a bike yesterday,factH,Josh learned to ride a bike yesterday-factH,0.530314606741573,0.5081977528089888,0.5495308988764045,0.08568925155918905,-0.061969111969112034,0.6992277992277992,0.8287258687258686
be_annoyed_josh,josh,be.annoyed,85,low_prior,Josh is a 75-year old man,block2,0.5700000000000001,0.06,16: Josh learned to ride a bike yesterday,Josh learned to ride a bike yesterday,Josh learned to ride a bike yesterday,factL,Josh learned to ride a bike yesterday-factL,0.21479809976247033,0.1978562945368171,0.2338984560570071,-0.22982725541991367,-0.32196911196911193,0.06169884169884169,0.5697297297297297
be_annoyed_josh,josh,be.annoyed,91,low_prior,Josh is a 75-year old man,block2,0.9,0.88,16: Josh learned to ride a bike yesterday,Josh learned to ride a bike yesterday,Josh learned to ride a bike yesterday,factL,Josh learned to ride a bike yesterday-factL,0.21479809976247033,0.1978562945368171,0.2338984560570071,-0.22982725541991367,0.008030888030888028,0.8785328185328185,0.8984555984555985
be_annoyed_josh,josh,be.annoyed,134,low_prior,Josh is a 75-year old man,block2,1,1,16: Josh learned to ride a bike yesterday,Josh learned to ride a bike yesterday,Josh learned to ride a bike yesterday,factL,Josh learned to ride a bike yesterday-factL,0.21479809976247033,0.1978562945368171,0.2338984560570071,-0.22982725541991367,0.108030888030888,0.9980694980694981,0.9980694980694981
be_annoyed_josh,josh,be.annoyed,158,low_prior,Josh is a 75-year old man,block2,0.99,0.99,16: Josh learned to ride a bike yesterday,Josh learned to ride a bike yesterday,Josh learned to ride a bike yesterday,factL,Josh learned to ride a bike yesterday-factL,0.21479809976247033,0.1978562945368171,0.2338984560570071,-0.22982725541991367,0.098030888030888,0.988108108108108,0.988108108108108
be_annoyed_josh,josh,be.annoyed,293,high_prior,Josh is a 5-year old boy,block2,1,0.78,16: Josh learned to ride a bike yesterday,Josh learned to ride a bike yesterday,Josh learned to ride a bike yesterday,factH,Josh learned to ride a bike yesterday-factH,0.530314606741573,0.5081977528089888,0.5495308988764045,0.08568925155918905,0.108030888030888,0.778918918918919,0.9980694980694981
be_annoyed_josh,josh,be.annoyed,394,high_prior,Josh is a 5-year old boy,block2,1,0,16: Josh learned to ride a bike yesterday,Josh learned to ride a bike yesterday,Josh learned to ride a bike yesterday,factH,Josh learned to ride a bike yesterday-factH,0.530314606741573,0.5081977528089888,0.5495308988764045,0.08568925155918905,0.108030888030888,0.0019305019305019305,0.9980694980694981
be_annoyed_josh,josh,be.annoyed,428,high_prior,Josh is a 5-year old boy,block2,1,1,16: Josh learned to ride a bike yesterday,Josh learned to ride a bike yesterday,Josh learned to ride a bike yesterday,factH,Josh learned to ride a bike yesterday-factH,0.530314606741573,0.5081977528089888,0.5495308988764045,0.08568925155918905,0.108030888030888,0.9980694980694981,0.9980694980694981
be_annoyed_josh,josh,be.annoyed,439,high_prior,Josh is a 5-year old boy,block2,0.77,0.82,16: Josh learned to ride a bike yesterday,Josh learned to ride a bike yesterday,Josh learned to ride a bike yesterday,factH,Josh learned to ride a bike yesterday-factH,0.530314606741573,0.5081977528089888,0.5495308988764045,0.08568925155918905,-0.12196911196911198,0.8187644787644787,0.7689575289575289
be_annoyed_josh,josh,be.annoyed,492,low_prior,Josh is a 75-year old man,block2,0.83,0.11,16: Josh learned to ride a bike yesterday,Josh learned to ride a bike yesterday,Josh learned to ride a bike yesterday,factL,Josh learned to ride a bike yesterday-factL,0.21479809976247033,0.1978562945368171,0.2338984560570071,-0.22982725541991367,-0.061969111969112034,0.1115057915057915,0.8287258687258686
be_annoyed_josh,josh,be.annoyed,551,low_prior,Josh is a 75-year old man,block2,0.86,0.89,16: Josh learned to ride a bike yesterday,Josh learned to ride a bike yesterday,Josh learned to ride a bike yesterday,factL,Josh learned to ride a bike yesterday-factL,0.21479809976247033,0.1978562945368171,0.2338984560570071,-0.22982725541991367,-0.03196911196911201,0.8884942084942085,0.8586100386100386
be_annoyed_josh,josh,be.annoyed,588,high_prior,Josh is a 5-year old boy,block2,1,1,16: Josh learned to ride a bike yesterday,Josh learned to ride a bike yesterday,Josh learned to ride a bike yesterday,factH,Josh learned to ride a bike yesterday-factH,0.530314606741573,0.5081977528089888,0.5495308988764045,0.08568925155918905,0.108030888030888,0.9980694980694981,0.9980694980694981
be_annoyed_josie,josie,be.annoyed,28,low_prior,Josie doesn't have a passport,block2,1,1,2: Josie went on vacation to France,Josie went on vacation to France,Josie went on vacation to France,factL,Josie went on vacation to France-factL,0.0972639225181598,0.08079782082324453,0.11400121065375302,-0.3473614326642242,0.108030888030888,0.9980694980694981,0.9980694980694981
be_annoyed_josie,josie,be.annoyed,50,high_prior,Josie loves France,block2,0.31000000000000005,0.5,2: Josie went on vacation to France,Josie went on vacation to France,Josie went on vacation to France,factH,Josie went on vacation to France-factH,0.7281236203090508,0.7105264900662251,0.744128587196468,0.28349826512666676,-0.5819691119691119,0.5,0.3107335907335908
be_annoyed_josie,josie,be.annoyed,90,low_prior,Josie doesn't have a passport,block2,0.8,0.68,2: Josie went on vacation to France,Josie went on vacation to France,Josie went on vacation to France,factL,Josie went on vacation to France-factL,0.0972639225181598,0.08079782082324453,0.11400121065375302,-0.3473614326642242,-0.09196911196911195,0.6793050193050194,0.7988416988416989
be_annoyed_josie,josie,be.annoyed,155,high_prior,Josie loves France,block2,0.97,0.98,2: Josie went on vacation to France,Josie went on vacation to France,Josie went on vacation to France,factH,Josie went on vacation to France-factH,0.7281236203090508,0.7105264900662251,0.744128587196468,0.28349826512666676,0.07803088803088798,0.9781467181467182,0.9681853281853281
be_annoyed_josie,josie,be.annoyed,186,low_prior,Josie doesn't have a passport,block2,0.8200000000000001,1,2: Josie went on vacation to France,Josie went on vacation to France,Josie went on vacation to France,factL,Josie went on vacation to France-factL,0.0972639225181598,0.08079782082324453,0.11400121065375302,-0.3473614326642242,-0.07196911196911193,0.9980694980694981,0.8187644787644788
be_annoyed_josie,josie,be.annoyed,188,low_prior,Josie doesn't have a passport,block2,1,0.02,2: Josie went on vacation to France,Josie went on vacation to France,Josie went on vacation to France,factL,Josie went on vacation to France-factL,0.0972639225181598,0.08079782082324453,0.11400121065375302,-0.3473614326642242,0.108030888030888,0.021853281853281854,0.9980694980694981
be_annoyed_josie,josie,be.annoyed,335,low_prior,Josie doesn't have a passport,block2,0.97,0.22,2: Josie went on vacation to France,Josie went on vacation to France,Josie went on vacation to France,factL,Josie went on vacation to France-factL,0.0972639225181598,0.08079782082324453,0.11400121065375302,-0.3473614326642242,0.07803088803088798,0.22108108108108107,0.9681853281853281
be_annoyed_josie,josie,be.annoyed,338,high_prior,Josie loves France,block2,0.99,1,2: Josie went on vacation to France,Josie went on vacation to France,Josie went on vacation to France,factH,Josie went on vacation to France-factH,0.7281236203090508,0.7105264900662251,0.744128587196468,0.28349826512666676,0.098030888030888,0.9980694980694981,0.988108108108108
be_annoyed_josie,josie,be.annoyed,392,high_prior,Josie loves France,block2,0.99,0.99,2: Josie went on vacation to France,Josie went on vacation to France,Josie went on vacation to France,factH,Josie went on vacation to France-factH,0.7281236203090508,0.7105264900662251,0.744128587196468,0.28349826512666676,0.098030888030888,0.988108108108108,0.988108108108108
be_annoyed_josie,josie,be.annoyed,398,high_prior,Josie loves France,block2,0.75,0.87,2: Josie went on vacation to France,Josie went on vacation to France,Josie went on vacation to France,factH,Josie went on vacation to France-factH,0.7281236203090508,0.7105264900662251,0.744128587196468,0.28349826512666676,-0.141969111969112,0.8685714285714285,0.749034749034749
be_annoyed_josie,josie,be.annoyed,403,low_prior,Josie doesn't have a passport,block2,0.96,0.97,2: Josie went on vacation to France,Josie went on vacation to France,Josie went on vacation to France,factL,Josie went on vacation to France-factL,0.0972639225181598,0.08079782082324453,0.11400121065375302,-0.3473614326642242,0.06803088803088797,0.9681853281853281,0.9582239382239381
be_annoyed_josie,josie,be.annoyed,438,low_prior,Josie doesn't have a passport,block2,0.9,0.8,2: Josie went on vacation to France,Josie went on vacation to France,Josie went on vacation to France,factL,Josie went on vacation to France-factL,0.0972639225181598,0.08079782082324453,0.11400121065375302,-0.3473614326642242,0.008030888030888028,0.7988416988416989,0.8984555984555985
be_annoyed_julian,julian,be.annoyed,198,high_prior,Julian is Cuban,block2,0.98,0.98,18: Julian dances salsa,Julian dances salsa,Julian dances salsa,factH,Julian dances salsa-factH,0.6018691588785047,0.5853691588785046,0.6187184579439252,0.15724380369612068,0.08803088803088799,0.9781467181467182,0.9781467181467182
be_annoyed_julian,julian,be.annoyed,256,high_prior,Julian is Cuban,block2,0.99,0.99,18: Julian dances salsa,Julian dances salsa,Julian dances salsa,factH,Julian dances salsa-factH,0.6018691588785047,0.5853691588785046,0.6187184579439252,0.15724380369612068,0.098030888030888,0.988108108108108,0.988108108108108
be_annoyed_julian,julian,be.annoyed,281,low_prior,Julian is German,block2,0.98,0.98,18: Julian dances salsa,Julian dances salsa,Julian dances salsa,factL,Julian dances salsa-factL,0.3412557077625571,0.3234931506849315,0.3588847031963471,-0.1033696474198269,0.08803088803088799,0.9781467181467182,0.9781467181467182
be_annoyed_julian,julian,be.annoyed,327,high_prior,Julian is Cuban,block2,0.33999999999999997,0.88,18: Julian dances salsa,Julian dances salsa,Julian dances salsa,factH,Julian dances salsa-factH,0.6018691588785047,0.5853691588785046,0.6187184579439252,0.15724380369612068,-0.551969111969112,0.8785328185328185,0.3406177606177606
be_annoyed_julian,julian,be.annoyed,366,high_prior,Julian is Cuban,block2,1,1,18: Julian dances salsa,Julian dances salsa,Julian dances salsa,factH,Julian dances salsa-factH,0.6018691588785047,0.5853691588785046,0.6187184579439252,0.15724380369612068,0.108030888030888,0.9980694980694981,0.9980694980694981
be_annoyed_julian,julian,be.annoyed,441,high_prior,Julian is Cuban,block2,0.76,0.44,18: Julian dances salsa,Julian dances salsa,Julian dances salsa,factH,Julian dances salsa-factH,0.6018691588785047,0.5853691588785046,0.6187184579439252,0.15724380369612068,-0.13196911196911199,0.4402316602316602,0.758996138996139
be_annoyed_mary,mary,be.annoyed,17,high_prior,Mary is taking a prenatal yoga class,block2,0.92,0.97,1: Mary is pregnant,Mary is pregnant,Mary is pregnant,factH,Mary is pregnant-factH,0.84584686774942,0.8264721577726217,0.8652911832946636,0.401221512567036,0.028030888030888046,0.9681853281853281,0.9183783783783784
be_annoyed_mary,mary,be.annoyed,30,high_prior,Mary is taking a prenatal yoga class,block2,1,0.85,1: Mary is pregnant,Mary is pregnant,Mary is pregnant,factH,Mary is pregnant-factH,0.84584686774942,0.8264721577726217,0.8652911832946636,0.401221512567036,0.108030888030888,0.8486486486486485,0.9980694980694981
be_annoyed_mary,mary,be.annoyed,165,low_prior,Mary is a middle school student,block2,1,1,1: Mary is pregnant,Mary is pregnant,Mary is pregnant,factL,Mary is pregnant-factL,0.17174712643678158,0.15287183908045976,0.1892919540229885,-0.2728782287456024,0.108030888030888,0.9980694980694981,0.9980694980694981
be_annoyed_mary,mary,be.annoyed,290,high_prior,Mary is taking a prenatal yoga class,block2,0.85,0.97,1: Mary is pregnant,Mary is pregnant,Mary is pregnant,factH,Mary is pregnant-factH,0.84584686774942,0.8264721577726217,0.8652911832946636,0.401221512567036,-0.041969111969112016,0.9681853281853281,0.8486486486486485
be_annoyed_mary,mary,be.annoyed,308,low_prior,Mary is a middle school student,block2,0.98,0.6,1: Mary is pregnant,Mary is pregnant,Mary is pregnant,factL,Mary is pregnant-factL,0.17174712643678158,0.15287183908045976,0.1892919540229885,-0.2728782287456024,0.08803088803088799,0.5996138996138995,0.9781467181467182
be_annoyed_mary,mary,be.annoyed,343,low_prior,Mary is a middle school student,block2,1,1,1: Mary is pregnant,Mary is pregnant,Mary is pregnant,factL,Mary is pregnant-factL,0.17174712643678158,0.15287183908045976,0.1892919540229885,-0.2728782287456024,0.108030888030888,0.9980694980694981,0.9980694980694981
be_annoyed_mary,mary,be.annoyed,408,high_prior,Mary is taking a prenatal yoga class,block2,1,0.98,1: Mary is pregnant,Mary is pregnant,Mary is pregnant,factH,Mary is pregnant-factH,0.84584686774942,0.8264721577726217,0.8652911832946636,0.401221512567036,0.108030888030888,0.9781467181467182,0.9980694980694981
be_annoyed_mary,mary,be.annoyed,424,high_prior,Mary is taking a prenatal yoga class,block2,0.97,0.97,1: Mary is pregnant,Mary is pregnant,Mary is pregnant,factH,Mary is pregnant-factH,0.84584686774942,0.8264721577726217,0.8652911832946636,0.401221512567036,0.07803088803088798,0.9681853281853281,0.9681853281853281
be_annoyed_mary,mary,be.annoyed,470,high_prior,Mary is taking a prenatal yoga class,block2,0.95,0.78,1: Mary is pregnant,Mary is pregnant,Mary is pregnant,factH,Mary is pregnant-factH,0.84584686774942,0.8264721577726217,0.8652911832946636,0.401221512567036,0.05803088803088796,0.778918918918919,0.9482625482625482
be_annoyed_mary,mary,be.annoyed,490,low_prior,Mary is a middle school student,block2,0.87,0.67,1: Mary is pregnant,Mary is pregnant,Mary is pregnant,factL,Mary is pregnant-factL,0.17174712643678158,0.15287183908045976,0.1892919540229885,-0.2728782287456024,-0.021969111969112,0.6693436293436293,0.8685714285714285
be_annoyed_mary,mary,be.annoyed,518,low_prior,Mary is a middle school student,block2,0.92,0.95,1: Mary is pregnant,Mary is pregnant,Mary is pregnant,factL,Mary is pregnant-factL,0.17174712643678158,0.15287183908045976,0.1892919540229885,-0.2728782287456024,0.028030888030888046,0.9482625482625482,0.9183783783783784
be_annoyed_mary,mary,be.annoyed,561,high_prior,Mary is taking a prenatal yoga class,block2,0.89,0.91,1: Mary is pregnant,Mary is pregnant,Mary is pregnant,factH,Mary is pregnant-factH,0.84584686774942,0.8264721577726217,0.8652911832946636,0.401221512567036,-0.0019691119691119807,0.9084169884169884,0.8884942084942085
be_annoyed_mia,mia,be.annoyed,20,low_prior,Mia is a nun,block2,0.99,1,6: Mia drank 2 cocktails last night,Mia drank 2 cocktails last night,Mia drank 2 cocktails last night,factL,Mia drank 2 cocktails last night-factL,0.17222727272727273,0.1539090909090909,0.19136818181818183,-0.27239808245511127,0.098030888030888,0.9980694980694981,0.988108108108108
be_annoyed_mia,mia,be.annoyed,55,low_prior,Mia is a nun,block2,0.77,0.8,6: Mia drank 2 cocktails last night,Mia drank 2 cocktails last night,Mia drank 2 cocktails last night,factL,Mia drank 2 cocktails last night-factL,0.17222727272727273,0.1539090909090909,0.19136818181818183,-0.27239808245511127,-0.12196911196911198,0.7988416988416989,0.7689575289575289
be_annoyed_mia,mia,be.annoyed,88,low_prior,Mia is a nun,block2,1,1,6: Mia drank 2 cocktails last night,Mia drank 2 cocktails last night,Mia drank 2 cocktails last night,factL,Mia drank 2 cocktails last night-factL,0.17222727272727273,0.1539090909090909,0.19136818181818183,-0.27239808245511127,0.108030888030888,0.9980694980694981,0.9980694980694981
be_annoyed_mia,mia,be.annoyed,108,high_prior,Mia is a college student,block2,0.75,0.87,6: Mia drank 2 cocktails last night,Mia drank 2 cocktails last night,Mia drank 2 cocktails last night,factH,Mia drank 2 cocktails last night-factH,0.5484037558685446,0.5309143192488263,0.5664600938967135,0.10377840068616062,-0.141969111969112,0.8685714285714285,0.749034749034749
be_annoyed_mia,mia,be.annoyed,160,high_prior,Mia is a college student,block2,0.95,0.98,6: Mia drank 2 cocktails last night,Mia drank 2 cocktails last night,Mia drank 2 cocktails last night,factH,Mia drank 2 cocktails last night-factH,0.5484037558685446,0.5309143192488263,0.5664600938967135,0.10377840068616062,0.05803088803088796,0.9781467181467182,0.9482625482625482
be_annoyed_mia,mia,be.annoyed,215,high_prior,Mia is a college student,block2,0.97,0.89,6: Mia drank 2 cocktails last night,Mia drank 2 cocktails last night,Mia drank 2 cocktails last night,factH,Mia drank 2 cocktails last night-factH,0.5484037558685446,0.5309143192488263,0.5664600938967135,0.10377840068616062,0.07803088803088798,0.8884942084942085,0.9681853281853281
be_annoyed_mia,mia,be.annoyed,228,high_prior,Mia is a college student,block2,0.99,1,6: Mia drank 2 cocktails last night,Mia drank 2 cocktails last night,Mia drank 2 cocktails last night,factH,Mia drank 2 cocktails last night-factH,0.5484037558685446,0.5309143192488263,0.5664600938967135,0.10377840068616062,0.098030888030888,0.9980694980694981,0.988108108108108
be_annoyed_mia,mia,be.annoyed,354,high_prior,Mia is a college student,block2,1,1,6: Mia drank 2 cocktails last night,Mia drank 2 cocktails last night,Mia drank 2 cocktails last night,factH,Mia drank 2 cocktails last night-factH,0.5484037558685446,0.5309143192488263,0.5664600938967135,0.10377840068616062,0.108030888030888,0.9980694980694981,0.9980694980694981
be_annoyed_mia,mia,be.annoyed,528,high_prior,Mia is a college student,block2,0.41,0.77,6: Mia drank 2 cocktails last night,Mia drank 2 cocktails last night,Mia drank 2 cocktails last night,factH,Mia drank 2 cocktails last night-factH,0.5484037558685446,0.5309143192488263,0.5664600938967135,0.10377840068616062,-0.481969111969112,0.7689575289575289,0.4103474903474903
be_annoyed_mia,mia,be.annoyed,564,low_prior,Mia is a nun,block2,1,1,6: Mia drank 2 cocktails last night,Mia drank 2 cocktails last night,Mia drank 2 cocktails last night,factL,Mia drank 2 cocktails last night-factL,0.17222727272727273,0.1539090909090909,0.19136818181818183,-0.27239808245511127,0.108030888030888,0.9980694980694981,0.9980694980694981
be_annoyed_mia,mia,be.annoyed,587,low_prior,Mia is a nun,block2,1,0.97,6: Mia drank 2 cocktails last night,Mia drank 2 cocktails last night,Mia drank 2 cocktails last night,factL,Mia drank 2 cocktails last night-factL,0.17222727272727273,0.1539090909090909,0.19136818181818183,-0.27239808245511127,0.108030888030888,0.9681853281853281,0.9980694980694981
be_annoyed_olivia,olivia,be.annoyed,36,low_prior,Olivia has two small children,block2,1,0.98,4: Olivia sleeps until noon,Olivia sleeps until noon,Olivia sleeps until noon,factL,Olivia sleeps until noon-factL,0.16647597254004576,0.14720709382151032,0.1855858123569794,-0.27814938264233824,0.108030888030888,0.9781467181467182,0.9980694980694981
be_annoyed_olivia,olivia,be.annoyed,40,high_prior,Olivia works the third shift,block2,0.74,0.77,4: Olivia sleeps until noon,Olivia sleeps until noon,Olivia sleeps until noon,factH,Olivia sleeps until noon-factH,0.7034032634032634,0.6823700466200465,0.7228234265734266,0.2587779082208794,-0.151969111969112,0.7689575289575289,0.739073359073359
be_annoyed_olivia,olivia,be.annoyed,109,low_prior,Olivia has two small children,block2,1,1,4: Olivia sleeps until noon,Olivia sleeps until noon,Olivia sleeps until noon,factL,Olivia sleeps until noon-factL,0.16647597254004576,0.14720709382151032,0.1855858123569794,-0.27814938264233824,0.108030888030888,0.9980694980694981,0.9980694980694981
be_annoyed_olivia,olivia,be.annoyed,132,high_prior,Olivia works the third shift,block2,0.98,0.4,4: Olivia sleeps until noon,Olivia sleeps until noon,Olivia sleeps until noon,factH,Olivia sleeps until noon-factH,0.7034032634032634,0.6823700466200465,0.7228234265734266,0.2587779082208794,0.08803088803088799,0.4003861003861004,0.9781467181467182
be_annoyed_olivia,olivia,be.annoyed,157,high_prior,Olivia works the third shift,block2,0.99,0.86,4: Olivia sleeps until noon,Olivia sleeps until noon,Olivia sleeps until noon,factH,Olivia sleeps until noon-factH,0.7034032634032634,0.6823700466200465,0.7228234265734266,0.2587779082208794,0.098030888030888,0.8586100386100386,0.988108108108108
be_annoyed_olivia,olivia,be.annoyed,168,low_prior,Olivia has two small children,block2,0.7,0.63,4: Olivia sleeps until noon,Olivia sleeps until noon,Olivia sleeps until noon,factL,Olivia sleeps until noon-factL,0.16647597254004576,0.14720709382151032,0.1855858123569794,-0.27814938264233824,-0.19196911196911204,0.6294980694980694,0.6992277992277992
be_annoyed_olivia,olivia,be.annoyed,172,low_prior,Olivia has two small children,block2,0.93,0.5,4: Olivia sleeps until noon,Olivia sleeps until noon,Olivia sleeps until noon,factL,Olivia sleeps until noon-factL,0.16647597254004576,0.14720709382151032,0.1855858123569794,-0.27814938264233824,0.038030888030888055,0.5,0.9283397683397684
be_annoyed_olivia,olivia,be.annoyed,248,low_prior,Olivia has two small children,block2,0.88,0.82,4: Olivia sleeps until noon,Olivia sleeps until noon,Olivia sleeps until noon,factL,Olivia sleeps until noon-factL,0.16647597254004576,0.14720709382151032,0.1855858123569794,-0.27814938264233824,-0.01196911196911199,0.8187644787644787,0.8785328185328185
be_annoyed_olivia,olivia,be.annoyed,299,low_prior,Olivia has two small children,block2,0.9,0.94,4: Olivia sleeps until noon,Olivia sleeps until noon,Olivia sleeps until noon,factL,Olivia sleeps until noon-factL,0.16647597254004576,0.14720709382151032,0.1855858123569794,-0.27814938264233824,0.008030888030888028,0.9383011583011582,0.8984555984555985
be_annoyed_olivia,olivia,be.annoyed,396,high_prior,Olivia works the third shift,block2,1,1,4: Olivia sleeps until noon,Olivia sleeps until noon,Olivia sleeps until noon,factH,Olivia sleeps until noon-factH,0.7034032634032634,0.6823700466200465,0.7228234265734266,0.2587779082208794,0.108030888030888,0.9980694980694981,0.9980694980694981
be_annoyed_olivia,olivia,be.annoyed,407,low_prior,Olivia has two small children,block2,0.93,0.96,4: Olivia sleeps until noon,Olivia sleeps until noon,Olivia sleeps until noon,factL,Olivia sleeps until noon-factL,0.16647597254004576,0.14720709382151032,0.1855858123569794,-0.27814938264233824,0.038030888030888055,0.9582239382239381,0.9283397683397684
be_annoyed_olivia,olivia,be.annoyed,505,high_prior,Olivia works the third shift,block2,0.98,0.69,4: Olivia sleeps until noon,Olivia sleeps until noon,Olivia sleeps until noon,factH,Olivia sleeps until noon-factH,0.7034032634032634,0.6823700466200465,0.7228234265734266,0.2587779082208794,0.08803088803088799,0.6892664092664091,0.9781467181467182
be_annoyed_olivia,olivia,be.annoyed,510,high_prior,Olivia works the third shift,block2,1,1,4: Olivia sleeps until noon,Olivia sleeps until noon,Olivia sleeps until noon,factH,Olivia sleeps until noon-factH,0.7034032634032634,0.6823700466200465,0.7228234265734266,0.2587779082208794,0.108030888030888,0.9980694980694981,0.9980694980694981
be_annoyed_olivia,olivia,be.annoyed,511,high_prior,Olivia works the third shift,block2,0.94,0.91,4: Olivia sleeps until noon,Olivia sleeps until noon,Olivia sleeps until noon,factH,Olivia sleeps until noon-factH,0.7034032634032634,0.6823700466200465,0.7228234265734266,0.2587779082208794,0.04803088803088795,0.9084169884169884,0.9383011583011582
be_annoyed_olivia,olivia,be.annoyed,580,low_prior,Olivia has two small children,block2,0.9,0.86,4: Olivia sleeps until noon,Olivia sleeps until noon,Olivia sleeps until noon,factL,Olivia sleeps until noon-factL,0.16647597254004576,0.14720709382151032,0.1855858123569794,-0.27814938264233824,0.008030888030888028,0.8586100386100386,0.8984555984555985
be_annoyed_owen,owen,be.annoyed,68,low_prior,Owen lives in New Orleans,block2,0.77,0.62,17: Owen shoveled snow last winter,Owen shoveled snow last winter,Owen shoveled snow last winter,factL,Owen shoveled snow last winter-factL,0.22442080378250592,0.2014385342789598,0.2472369976359338,-0.22020455139987807,-0.12196911196911198,0.6195366795366796,0.7689575289575289
be_annoyed_owen,owen,be.annoyed,111,high_prior,Owen lives in Chicago,block2,0.89,1,17: Owen shoveled snow last winter,Owen shoveled snow last winter,Owen shoveled snow last winter,factH,Owen shoveled snow last winter-factH,0.7807674943566592,0.7637883747178329,0.7979266365688488,0.33614213917427516,-0.0019691119691119807,0.9980694980694981,0.8884942084942085
be_annoyed_owen,owen,be.annoyed,115,low_prior,Owen lives in New Orleans,block2,0.24,0.5,17: Owen shoveled snow last winter,Owen shoveled snow last winter,Owen shoveled snow last winter,factL,Owen shoveled snow last winter-factL,0.22442080378250592,0.2014385342789598,0.2472369976359338,-0.22020455139987807,-0.651969111969112,0.5,0.24100386100386098
be_annoyed_owen,owen,be.annoyed,123,low_prior,Owen lives in New Orleans,block2,0.77,0.71,17: Owen shoveled snow last winter,Owen shoveled snow last winter,Owen shoveled snow last winter,factL,Owen shoveled snow last winter-factL,0.22442080378250592,0.2014385342789598,0.2472369976359338,-0.22020455139987807,-0.12196911196911198,0.709189189189189,0.7689575289575289
be_annoyed_owen,owen,be.annoyed,127,high_prior,Owen lives in Chicago,block2,0.98,0.71,17: Owen shoveled snow last winter,Owen shoveled snow last winter,Owen shoveled snow last winter,factH,Owen shoveled snow last winter-factH,0.7807674943566592,0.7637883747178329,0.7979266365688488,0.33614213917427516,0.08803088803088799,0.709189189189189,0.9781467181467182
be_annoyed_owen,owen,be.annoyed,141,low_prior,Owen lives in New Orleans,block2,0.16000000000000003,0.74,17: Owen shoveled snow last winter,Owen shoveled snow last winter,Owen shoveled snow last winter,factL,Owen shoveled snow last winter-factL,0.22442080378250592,0.2014385342789598,0.2472369976359338,-0.22020455139987807,-0.731969111969112,0.739073359073359,0.16131274131274134
be_annoyed_owen,owen,be.annoyed,153,low_prior,Owen lives in New Orleans,block2,1,0,17: Owen shoveled snow last winter,Owen shoveled snow last winter,Owen shoveled snow last winter,factL,Owen shoveled snow last winter-factL,0.22442080378250592,0.2014385342789598,0.2472369976359338,-0.22020455139987807,0.108030888030888,0.0019305019305019305,0.9980694980694981
be_annoyed_owen,owen,be.annoyed,166,high_prior,Owen lives in Chicago,block2,0.9,0.97,17: Owen shoveled snow last winter,Owen shoveled snow last winter,Owen shoveled snow last winter,factH,Owen shoveled snow last winter-factH,0.7807674943566592,0.7637883747178329,0.7979266365688488,0.33614213917427516,0.008030888030888028,0.9681853281853281,0.8984555984555985
be_annoyed_owen,owen,be.annoyed,224,high_prior,Owen lives in Chicago,block2,0.94,0.92,17: Owen shoveled snow last winter,Owen shoveled snow last winter,Owen shoveled snow last winter,factH,Owen shoveled snow last winter-factH,0.7807674943566592,0.7637883747178329,0.7979266365688488,0.33614213917427516,0.04803088803088795,0.9183783783783784,0.9383011583011582
be_annoyed_owen,owen,be.annoyed,238,high_prior,Owen lives in Chicago,block2,1,1,17: Owen shoveled snow last winter,Owen shoveled snow last winter,Owen shoveled snow last winter,factH,Owen shoveled snow last winter-factH,0.7807674943566592,0.7637883747178329,0.7979266365688488,0.33614213917427516,0.108030888030888,0.9980694980694981,0.9980694980694981
be_annoyed_owen,owen,be.annoyed,265,low_prior,Owen lives in New Orleans,block2,1,1,17: Owen shoveled snow last winter,Owen shoveled snow last winter,Owen shoveled snow last winter,factL,Owen shoveled snow last winter-factL,0.22442080378250592,0.2014385342789598,0.2472369976359338,-0.22020455139987807,0.108030888030888,0.9980694980694981,0.9980694980694981
be_annoyed_owen,owen,be.annoyed,266,low_prior,Owen lives in New Orleans,block2,0.99,0.98,17: Owen shoveled snow last winter,Owen shoveled snow last winter,Owen shoveled snow last winter,factL,Owen shoveled snow last winter-factL,0.22442080378250592,0.2014385342789598,0.2472369976359338,-0.22020455139987807,0.098030888030888,0.9781467181467182,0.988108108108108
be_annoyed_owen,owen,be.annoyed,273,low_prior,Owen lives in New Orleans,block2,0.98,0.88,17: Owen shoveled snow last winter,Owen shoveled snow last winter,Owen shoveled snow last winter,factL,Owen shoveled snow last winter-factL,0.22442080378250592,0.2014385342789598,0.2472369976359338,-0.22020455139987807,0.08803088803088799,0.8785328185328185,0.9781467181467182
be_annoyed_owen,owen,be.annoyed,278,high_prior,Owen lives in Chicago,block2,0.99,0.97,17: Owen shoveled snow last winter,Owen shoveled snow last winter,Owen shoveled snow last winter,factH,Owen shoveled snow last winter-factH,0.7807674943566592,0.7637883747178329,0.7979266365688488,0.33614213917427516,0.098030888030888,0.9681853281853281,0.988108108108108
be_annoyed_owen,owen,be.annoyed,305,high_prior,Owen lives in Chicago,block2,0.99,0.86,17: Owen shoveled snow last winter,Owen shoveled snow last winter,Owen shoveled snow last winter,factH,Owen shoveled snow last winter-factH,0.7807674943566592,0.7637883747178329,0.7979266365688488,0.33614213917427516,0.098030888030888,0.8586100386100386,0.988108108108108
be_annoyed_owen,owen,be.annoyed,312,high_prior,Owen lives in Chicago,block2,0.99,1,17: Owen shoveled snow last winter,Owen shoveled snow last winter,Owen shoveled snow last winter,factH,Owen shoveled snow last winter-factH,0.7807674943566592,0.7637883747178329,0.7979266365688488,0.33614213917427516,0.098030888030888,0.9980694980694981,0.988108108108108
be_annoyed_owen,owen,be.annoyed,337,low_prior,Owen lives in New Orleans,block2,1,0.99,17: Owen shoveled snow last winter,Owen shoveled snow last winter,Owen shoveled snow last winter,factL,Owen shoveled snow last winter-factL,0.22442080378250592,0.2014385342789598,0.2472369976359338,-0.22020455139987807,0.108030888030888,0.988108108108108,0.9980694980694981
be_annoyed_owen,owen,be.annoyed,347,low_prior,Owen lives in New Orleans,block2,0.8200000000000001,0.19,17: Owen shoveled snow last winter,Owen shoveled snow last winter,Owen shoveled snow last winter,factL,Owen shoveled snow last winter-factL,0.22442080378250592,0.2014385342789598,0.2472369976359338,-0.22020455139987807,-0.07196911196911193,0.1911969111969112,0.8187644787644788
be_annoyed_owen,owen,be.annoyed,393,low_prior,Owen lives in New Orleans,block2,1,0.97,17: Owen shoveled snow last winter,Owen shoveled snow last winter,Owen shoveled snow last winter,factL,Owen shoveled snow last winter-factL,0.22442080378250592,0.2014385342789598,0.2472369976359338,-0.22020455139987807,0.108030888030888,0.9681853281853281,0.9980694980694981
be_annoyed_owen,owen,be.annoyed,485,high_prior,Owen lives in Chicago,block2,0.93,0.96,17: Owen shoveled snow last winter,Owen shoveled snow last winter,Owen shoveled snow last winter,factH,Owen shoveled snow last winter-factH,0.7807674943566592,0.7637883747178329,0.7979266365688488,0.33614213917427516,0.038030888030888055,0.9582239382239381,0.9283397683397684
be_annoyed_owen,owen,be.annoyed,494,low_prior,Owen lives in New Orleans,block2,0.93,0.12,17: Owen shoveled snow last winter,Owen shoveled snow last winter,Owen shoveled snow last winter,factL,Owen shoveled snow last winter-factL,0.22442080378250592,0.2014385342789598,0.2472369976359338,-0.22020455139987807,0.038030888030888055,0.12146718146718145,0.9283397683397684
be_annoyed_owen,owen,be.annoyed,515,low_prior,Owen lives in New Orleans,block2,0.81,0.88,17: Owen shoveled snow last winter,Owen shoveled snow last winter,Owen shoveled snow last winter,factL,Owen shoveled snow last winter-factL,0.22442080378250592,0.2014385342789598,0.2472369976359338,-0.22020455139987807,-0.08196911196911194,0.8785328185328185,0.8088030888030888
be_annoyed_owen,owen,be.annoyed,532,low_prior,Owen lives in New Orleans,block2,1,1,17: Owen shoveled snow last winter,Owen shoveled snow last winter,Owen shoveled snow last winter,factL,Owen shoveled snow last winter-factL,0.22442080378250592,0.2014385342789598,0.2472369976359338,-0.22020455139987807,0.108030888030888,0.9980694980694981,0.9980694980694981
be_annoyed_sophia,sophia,be.annoyed,105,low_prior,Sophia is a high end fashion model,block2,1,1,5: Sophia got a tattoo,Sophia got a tattoo,Sophia got a tattoo,factL,Sophia got a tattoo-factL,0.36473067915690865,0.3433471896955504,0.387596018735363,-0.07989467602547534,0.108030888030888,0.9980694980694981,0.9980694980694981
be_annoyed_sophia,sophia,be.annoyed,140,high_prior,Sophia is a hipster,block2,1,1,5: Sophia got a tattoo,Sophia got a tattoo,Sophia got a tattoo,factH,Sophia got a tattoo-factH,0.6292027334851936,0.6134851936218679,0.6463337129840547,0.18457737830280962,0.108030888030888,0.9980694980694981,0.9980694980694981
be_annoyed_sophia,sophia,be.annoyed,413,high_prior,Sophia is a hipster,block2,0.83,0.65,5: Sophia got a tattoo,Sophia got a tattoo,Sophia got a tattoo,factH,Sophia got a tattoo-factH,0.6292027334851936,0.6134851936218679,0.6463337129840547,0.18457737830280962,-0.061969111969112034,0.6494208494208494,0.8287258687258686
be_annoyed_sophia,sophia,be.annoyed,426,low_prior,Sophia is a high end fashion model,block2,1,1,5: Sophia got a tattoo,Sophia got a tattoo,Sophia got a tattoo,factL,Sophia got a tattoo-factL,0.36473067915690865,0.3433471896955504,0.387596018735363,-0.07989467602547534,0.108030888030888,0.9980694980694981,0.9980694980694981
be_annoyed_sophia,sophia,be.annoyed,503,high_prior,Sophia is a hipster,block2,0.95,0.97,5: Sophia got a tattoo,Sophia got a tattoo,Sophia got a tattoo,factH,Sophia got a tattoo-factH,0.6292027334851936,0.6134851936218679,0.6463337129840547,0.18457737830280962,0.05803088803088796,0.9681853281853281,0.9482625482625482
be_annoyed_sophia,sophia,be.annoyed,521,high_prior,Sophia is a hipster,block2,0.89,0.91,5: Sophia got a tattoo,Sophia got a tattoo,Sophia got a tattoo,factH,Sophia got a tattoo-factH,0.6292027334851936,0.6134851936218679,0.6463337129840547,0.18457737830280962,-0.0019691119691119807,0.9084169884169884,0.8884942084942085
be_annoyed_sophia,sophia,be.annoyed,542,low_prior,Sophia is a high end fashion model,block2,0.74,0.99,5: Sophia got a tattoo,Sophia got a tattoo,Sophia got a tattoo,factL,Sophia got a tattoo-factL,0.36473067915690865,0.3433471896955504,0.387596018735363,-0.07989467602547534,-0.151969111969112,0.988108108108108,0.739073359073359
be_annoyed_sophia,sophia,be.annoyed,572,low_prior,Sophia is a high end fashion model,block2,0.99,0.98,5: Sophia got a tattoo,Sophia got a tattoo,Sophia got a tattoo,factL,Sophia got a tattoo-factL,0.36473067915690865,0.3433471896955504,0.387596018735363,-0.07989467602547534,0.098030888030888,0.9781467181467182,0.988108108108108
be_annoyed_tony,tony,be.annoyed,79,high_prior,Tony really likes to party with his friends,block2,0.05000000000000004,0.98,15: Tony had a drink last night,Tony had a drink last night,Tony had a drink last night,factH,Tony had a drink last night-factH,0.7348571428571429,0.7199446428571428,0.7492452380952381,0.2902317876747589,-0.841969111969112,0.9781467181467182,0.05173745173745177
be_annoyed_tony,tony,be.annoyed,180,low_prior,Tony has been sober for 20 years,block2,0.93,0.96,15: Tony had a drink last night,Tony had a drink last night,Tony had a drink last night,factL,Tony had a drink last night-factL,0.15930493273542598,0.1411597533632287,0.17836434977578475,-0.285320422446958,0.038030888030888055,0.9582239382239381,0.9283397683397684
be_annoyed_tony,tony,be.annoyed,199,low_prior,Tony has been sober for 20 years,block2,0.49,0.52,15: Tony had a drink last night,Tony had a drink last night,Tony had a drink last night,factL,Tony had a drink last night-factL,0.15930493273542598,0.1411597533632287,0.17836434977578475,-0.285320422446958,-0.401969111969112,0.5199227799227799,0.49003861003861005
be_annoyed_tony,tony,be.annoyed,203,high_prior,Tony really likes to party with his friends,block2,1,0.83,15: Tony had a drink last night,Tony had a drink last night,Tony had a drink last night,factH,Tony had a drink last night-factH,0.7348571428571429,0.7199446428571428,0.7492452380952381,0.2902317876747589,0.108030888030888,0.8287258687258686,0.9980694980694981
be_annoyed_tony,tony,be.annoyed,206,high_prior,Tony really likes to party with his friends,block2,1,0.8,15: Tony had a drink last night,Tony had a drink last night,Tony had a drink last night,factH,Tony had a drink last night-factH,0.7348571428571429,0.7199446428571428,0.7492452380952381,0.2902317876747589,0.108030888030888,0.7988416988416989,0.9980694980694981
be_annoyed_tony,tony,be.annoyed,211,high_prior,Tony really likes to party with his friends,block2,0.99,0.99,15: Tony had a drink last night,Tony had a drink last night,Tony had a drink last night,factH,Tony had a drink last night-factH,0.7348571428571429,0.7199446428571428,0.7492452380952381,0.2902317876747589,0.098030888030888,0.988108108108108,0.988108108108108
be_annoyed_tony,tony,be.annoyed,236,low_prior,Tony has been sober for 20 years,block2,0.01,0.03,15: Tony had a drink last night,Tony had a drink last night,Tony had a drink last night,factL,Tony had a drink last night-factL,0.15930493273542598,0.1411597533632287,0.17836434977578475,-0.285320422446958,-0.881969111969112,0.03181467181467181,0.011891891891891892
be_annoyed_tony,tony,be.annoyed,268,high_prior,Tony really likes to party with his friends,block2,0.91,0.76,15: Tony had a drink last night,Tony had a drink last night,Tony had a drink last night,factH,Tony had a drink last night-factH,0.7348571428571429,0.7199446428571428,0.7492452380952381,0.2902317876747589,0.018030888030888037,0.758996138996139,0.9084169884169884
be_annoyed_tony,tony,be.annoyed,297,high_prior,Tony really likes to party with his friends,block2,1,1,15: Tony had a drink last night,Tony had a drink last night,Tony had a drink last night,factH,Tony had a drink last night-factH,0.7348571428571429,0.7199446428571428,0.7492452380952381,0.2902317876747589,0.108030888030888,0.9980694980694981,0.9980694980694981
be_annoyed_tony,tony,be.annoyed,319,low_prior,Tony has been sober for 20 years,block2,1,0.83,15: Tony had a drink last night,Tony had a drink last night,Tony had a drink last night,factL,Tony had a drink last night-factL,0.15930493273542598,0.1411597533632287,0.17836434977578475,-0.285320422446958,0.108030888030888,0.8287258687258686,0.9980694980694981
be_annoyed_tony,tony,be.annoyed,391,high_prior,Tony really likes to party with his friends,block2,1,0.97,15: Tony had a drink last night,Tony had a drink last night,Tony had a drink last night,factH,Tony had a drink last night-factH,0.7348571428571429,0.7199446428571428,0.7492452380952381,0.2902317876747589,0.108030888030888,0.9681853281853281,0.9980694980694981
be_annoyed_tony,tony,be.annoyed,415,high_prior,Tony really likes to party with his friends,block2,0.27,0.41,15: Tony had a drink last night,Tony had a drink last night,Tony had a drink last night,factH,Tony had a drink last night-factH,0.7348571428571429,0.7199446428571428,0.7492452380952381,0.2902317876747589,-0.621969111969112,0.4103474903474903,0.27088803088803093
be_annoyed_tony,tony,be.annoyed,480,low_prior,Tony has been sober for 20 years,block2,0.98,0.96,15: Tony had a drink last night,Tony had a drink last night,Tony had a drink last night,factL,Tony had a drink last night-factL,0.15930493273542598,0.1411597533632287,0.17836434977578475,-0.285320422446958,0.08803088803088799,0.9582239382239381,0.9781467181467182
be_annoyed_tony,tony,be.annoyed,527,high_prior,Tony really likes to party with his friends,block2,0.78,0.83,15: Tony had a drink last night,Tony had a drink last night,Tony had a drink last night,factH,Tony had a drink last night-factH,0.7348571428571429,0.7199446428571428,0.7492452380952381,0.2902317876747589,-0.11196911196911197,0.8287258687258686,0.778918918918919
be_annoyed_tony,tony,be.annoyed,537,low_prior,Tony has been sober for 20 years,block2,0.98,0.98,15: Tony had a drink last night,Tony had a drink last night,Tony had a drink last night,factL,Tony had a drink last night-factL,0.15930493273542598,0.1411597533632287,0.17836434977578475,-0.285320422446958,0.08803088803088799,0.9781467181467182,0.9781467181467182
be_annoyed_tony,tony,be.annoyed,578,high_prior,Tony really likes to party with his friends,block2,0.9,1,15: Tony had a drink last night,Tony had a drink last night,Tony had a drink last night,factH,Tony had a drink last night-factH,0.7348571428571429,0.7199446428571428,0.7492452380952381,0.2902317876747589,0.008030888030888028,0.9980694980694981,0.8984555984555985
be_annoyed_tony,tony,be.annoyed,584,low_prior,Tony has been sober for 20 years,block2,1,1,15: Tony had a drink last night,Tony had a drink last night,Tony had a drink last night,factL,Tony had a drink last night-factL,0.15930493273542598,0.1411597533632287,0.17836434977578475,-0.285320422446958,0.108030888030888,0.9980694980694981,0.9980694980694981
be_annoyed_tony,tony,be.annoyed,586,high_prior,Tony really likes to party with his friends,block2,0.52,0.68,15: Tony had a drink last night,Tony had a drink last night,Tony had a drink last night,factH,Tony had a drink last night-factH,0.7348571428571429,0.7199446428571428,0.7492452380952381,0.2902317876747589,-0.371969111969112,0.6793050193050194,0.5199227799227799
be_annoyed_zoe,zoe,be.annoyed,14,high_prior,Zoe is a math major,block2,0.49,0.77,10: Zoe calculated the tip,Zoe calculated the tip,Zoe calculated the tip,factH,Zoe calculated the tip-factH,0.7687248322147651,0.7532835570469799,0.7838266219239373,0.32409947703238107,-0.401969111969112,0.7689575289575289,0.49003861003861005
be_annoyed_zoe,zoe,be.annoyed,60,high_prior,Zoe is a math major,block2,0.84,0.98,10: Zoe calculated the tip,Zoe calculated the tip,Zoe calculated the tip,factH,Zoe calculated the tip-factH,0.7687248322147651,0.7532835570469799,0.7838266219239373,0.32409947703238107,-0.051969111969112025,0.9781467181467182,0.8386872586872587
be_annoyed_zoe,zoe,be.annoyed,72,low_prior,Zoe is 5 years old,block2,1,1,10: Zoe calculated the tip,Zoe calculated the tip,Zoe calculated the tip,factL,Zoe calculated the tip-factL,0.14551312649164677,0.12894510739856802,0.16423150357995225,-0.2991122286907372,0.108030888030888,0.9980694980694981,0.9980694980694981
be_annoyed_zoe,zoe,be.annoyed,151,low_prior,Zoe is 5 years old,block2,0.98,0.97,10: Zoe calculated the tip,Zoe calculated the tip,Zoe calculated the tip,factL,Zoe calculated the tip-factL,0.14551312649164677,0.12894510739856802,0.16423150357995225,-0.2991122286907372,0.08803088803088799,0.9681853281853281,0.9781467181467182
be_annoyed_zoe,zoe,be.annoyed,152,high_prior,Zoe is a math major,block2,1,0.98,10: Zoe calculated the tip,Zoe calculated the tip,Zoe calculated the tip,factH,Zoe calculated the tip-factH,0.7687248322147651,0.7532835570469799,0.7838266219239373,0.32409947703238107,0.108030888030888,0.9781467181467182,0.9980694980694981
be_annoyed_zoe,zoe,be.annoyed,229,low_prior,Zoe is 5 years old,block2,0.98,0,10: Zoe calculated the tip,Zoe calculated the tip,Zoe calculated the tip,factL,Zoe calculated the tip-factL,0.14551312649164677,0.12894510739856802,0.16423150357995225,-0.2991122286907372,0.08803088803088799,0.0019305019305019305,0.9781467181467182
be_annoyed_zoe,zoe,be.annoyed,262,low_prior,Zoe is 5 years old,block2,1,1,10: Zoe calculated the tip,Zoe calculated the tip,Zoe calculated the tip,factL,Zoe calculated the tip-factL,0.14551312649164677,0.12894510739856802,0.16423150357995225,-0.2991122286907372,0.108030888030888,0.9980694980694981,0.9980694980694981
be_annoyed_zoe,zoe,be.annoyed,277,high_prior,Zoe is a math major,block2,1,1,10: Zoe calculated the tip,Zoe calculated the tip,Zoe calculated the tip,factH,Zoe calculated the tip-factH,0.7687248322147651,0.7532835570469799,0.7838266219239373,0.32409947703238107,0.108030888030888,0.9980694980694981,0.9980694980694981
be_annoyed_zoe,zoe,be.annoyed,444,low_prior,Zoe is 5 years old,block2,0.76,0.82,10: Zoe calculated the tip,Zoe calculated the tip,Zoe calculated the tip,factL,Zoe calculated the tip-factL,0.14551312649164677,0.12894510739856802,0.16423150357995225,-0.2991122286907372,-0.13196911196911199,0.8187644787644787,0.758996138996139
be_annoyed_zoe,zoe,be.annoyed,447,low_prior,Zoe is 5 years old,block2,0.6599999999999999,0.73,10: Zoe calculated the tip,Zoe calculated the tip,Zoe calculated the tip,factL,Zoe calculated the tip-factL,0.14551312649164677,0.12894510739856802,0.16423150357995225,-0.2991122286907372,-0.23196911196911207,0.7291119691119691,0.6593822393822393
be_annoyed_zoe,zoe,be.annoyed,556,low_prior,Zoe is 5 years old,block2,0.89,0.02,10: Zoe calculated the tip,Zoe calculated the tip,Zoe calculated the tip,factL,Zoe calculated the tip-factL,0.14551312649164677,0.12894510739856802,0.16423150357995225,-0.2991122286907372,-0.0019691119691119807,0.021853281853281854,0.8884942084942085
