item,content,short_trigger,workerid,prior_type,prior_fact,block_ai,ai,prior,projective,eventItemNr,eventItem,contentNew,prior_typeNew,contentFact,cprior,cai,betaProjective,betaAI
confirm_charley,charley,confirm,1,low_prior,Charley lives in Korea,block1,0.24,0.05,0.29,20: Charley speaks Spanish,Charley speaks Spanish,Charley speaks Spanish,factL,Charley speaks Spanish-factL,-0.40224899598393576,-0.07313253012048193,0.29084337349397593,0.24101562499999998
confirm_charley,charley,confirm,4,high_prior,Charley lives in Mexico,block1,0.5,0.81,0.48,20: Charley speaks Spanish,Charley speaks Spanish,Charley speaks Spanish,factH,Charley speaks Spanish-factH,0.3577510040160643,0.18686746987951808,0.48008032128514055,0.5
confirm_charley,charley,confirm,16,high_prior,Charley lives in Mexico,block1,0.13,0.83,0.01,20: Charley speaks Spanish,Charley speaks Spanish,Charley speaks Spanish,factH,Charley speaks Spanish-factH,0.3777510040160642,-0.18313253012048192,0.011967871485943775,0.1314453125
confirm_charley,charley,confirm,40,low_prior,Charley lives in Korea,block1,0.29000000000000004,0.08,0.08,20: Charley speaks Spanish,Charley speaks Spanish,Charley speaks Spanish,factL,Charley speaks Spanish-factL,-0.37224899598393574,-0.023132530120481887,0.08168674698795181,0.2908203125
confirm_charley,charley,confirm,90,high_prior,Charley lives in Mexico,block1,0.64,0.91,0.46,20: Charley speaks Spanish,Charley speaks Spanish,Charley speaks Spanish,factH,Charley speaks Spanish-factH,0.4577510040160643,0.3268674698795181,0.4601606425702811,0.6394531250000001
confirm_charley,charley,confirm,150,low_prior,Charley lives in Korea,block1,1,0,0.02,20: Charley speaks Spanish,Charley speaks Spanish,Charley speaks Spanish,factL,Charley speaks Spanish-factL,-0.45224899598393575,0.6868674698795181,0.021927710843373492,0.998046875
confirm_charley,charley,confirm,181,low_prior,Charley lives in Korea,block1,0.48,0.24,0,20: Charley speaks Spanish,Charley speaks Spanish,Charley speaks Spanish,factL,Charley speaks Spanish-factL,-0.21224899598393576,0.16686746987951806,0.002008032128514056,0.48007812499999997
confirm_charley,charley,confirm,232,high_prior,Charley lives in Mexico,block1,0.04000000000000003,0.78,0.95,20: Charley speaks Spanish,Charley speaks Spanish,Charley speaks Spanish,factH,Charley speaks Spanish-factH,0.3277510040160643,-0.2731325301204819,0.9481927710843373,0.04179687500000003
confirm_charley,charley,confirm,271,high_prior,Charley lives in Mexico,block1,0,0.94,0,20: Charley speaks Spanish,Charley speaks Spanish,Charley speaks Spanish,factH,Charley speaks Spanish-factH,0.4877510040160642,-0.3131325301204819,0.002008032128514056,0.001953125
confirm_charley,charley,confirm,280,low_prior,Charley lives in Korea,block1,0.31000000000000005,0.26,0.15,20: Charley speaks Spanish,Charley speaks Spanish,Charley speaks Spanish,factL,Charley speaks Spanish-factL,-0.19224899598393574,-0.003132530120481869,0.1514056224899598,0.31074218750000004
confirm_charley,charley,confirm,325,high_prior,Charley lives in Mexico,block1,0.04000000000000003,0.95,0.17,20: Charley speaks Spanish,Charley speaks Spanish,Charley speaks Spanish,factH,Charley speaks Spanish-factH,0.4977510040160642,-0.2731325301204819,0.17132530120481929,0.04179687500000003
confirm_charley,charley,confirm,376,low_prior,Charley lives in Korea,block1,0.91,0.15,0.48,20: Charley speaks Spanish,Charley speaks Spanish,Charley speaks Spanish,factL,Charley speaks Spanish-factL,-0.30224899598393573,0.5968674698795181,0.48008032128514055,0.9083984375
confirm_charley,charley,confirm,384,low_prior,Charley lives in Korea,block1,0.20999999999999996,0.27,0,20: Charley speaks Spanish,Charley speaks Spanish,Charley speaks Spanish,factL,Charley speaks Spanish-factL,-0.18224899598393574,-0.10313253012048196,0.002008032128514056,0.21113281249999996
confirm_charley,charley,confirm,464,high_prior,Charley lives in Mexico,block1,1,0.83,0.82,20: Charley speaks Spanish,Charley speaks Spanish,Charley speaks Spanish,factH,Charley speaks Spanish-factH,0.3777510040160642,0.6868674698795181,0.8187148594377509,0.998046875
confirm_charley,charley,confirm,492,low_prior,Charley lives in Korea,block1,0.97,0.22,0.16,20: Charley speaks Spanish,Charley speaks Spanish,Charley speaks Spanish,factL,Charley speaks Spanish-factL,-0.23224899598393575,0.656867469879518,0.16136546184738956,0.9681640625
confirm_charley,charley,confirm,511,low_prior,Charley lives in Korea,block1,0.23,0.36,0.07,20: Charley speaks Spanish,Charley speaks Spanish,Charley speaks Spanish,factL,Charley speaks Spanish-factL,-0.09224899598393577,-0.08313253012048191,0.0717269076305221,0.23105468750000002
confirm_charley,charley,confirm,543,low_prior,Charley lives in Korea,block1,0.11,0.39,0.03,20: Charley speaks Spanish,Charley speaks Spanish,Charley speaks Spanish,factL,Charley speaks Spanish-factL,-0.06224899598393574,-0.20313253012048194,0.03188755020080321,0.1115234375
confirm_danny,danny,confirm,22,high_prior,Danny loves cake,block1,1,1,0,11: Danny ate the last cupcake,Danny ate the last cupcake,Danny ate the last cupcake,factH,Danny ate the last cupcake-factH,0.5477510040160642,0.6868674698795181,0.002008032128514056,0.998046875
confirm_danny,danny,confirm,34,high_prior,Danny loves cake,block1,0.97,0.77,0.01,11: Danny ate the last cupcake,Danny ate the last cupcake,Danny ate the last cupcake,factH,Danny ate the last cupcake-factH,0.31775100401606426,0.656867469879518,0.011967871485943775,0.9681640625
confirm_danny,danny,confirm,76,low_prior,Danny is a diabetic,block1,1,0.49,1,11: Danny ate the last cupcake,Danny ate the last cupcake,Danny ate the last cupcake,factL,Danny ate the last cupcake-factL,0.03775100401606424,0.6868674698795181,0.9979919678714859,0.998046875
confirm_danny,danny,confirm,103,low_prior,Danny is a diabetic,block1,0,0.04,0,11: Danny ate the last cupcake,Danny ate the last cupcake,Danny ate the last cupcake,factL,Danny ate the last cupcake-factL,-0.4122489959839358,-0.3131325301204819,0.002008032128514056,0.001953125
confirm_danny,danny,confirm,178,high_prior,Danny loves cake,block1,0,0.6,0.63,11: Danny ate the last cupcake,Danny ate the last cupcake,Danny ate the last cupcake,factH,Danny ate the last cupcake-factH,0.14775100401606422,-0.3131325301204819,0.6294779116465864,0.001953125
confirm_danny,danny,confirm,199,high_prior,Danny loves cake,block1,0,0.55,0.01,11: Danny ate the last cupcake,Danny ate the last cupcake,Danny ate the last cupcake,factH,Danny ate the last cupcake-factH,0.09775100401606429,-0.3131325301204819,0.011967871485943775,0.001953125
confirm_danny,danny,confirm,231,low_prior,Danny is a diabetic,block1,0.01,0.5,0.49,11: Danny ate the last cupcake,Danny ate the last cupcake,Danny ate the last cupcake,factL,Danny ate the last cupcake-factL,0.04775100401606425,-0.3031325301204819,0.4900401606425703,0.011914062500000001
confirm_danny,danny,confirm,313,high_prior,Danny loves cake,block1,0.43999999999999995,0.76,0.45,11: Danny ate the last cupcake,Danny ate the last cupcake,Danny ate the last cupcake,factH,Danny ate the last cupcake-factH,0.30775100401606426,0.12686746987951802,0.45020080321285144,0.44023437499999996
confirm_danny,danny,confirm,315,high_prior,Danny loves cake,block1,0.52,0.34,0.78,11: Danny ate the last cupcake,Danny ate the last cupcake,Danny ate the last cupcake,factH,Danny ate the last cupcake-factH,-0.11224899598393573,0.2068674698795181,0.7788755020080321,0.519921875
confirm_danny,danny,confirm,318,low_prior,Danny is a diabetic,block1,0.06000000000000005,0.26,0.09,11: Danny ate the last cupcake,Danny ate the last cupcake,Danny ate the last cupcake,factL,Danny ate the last cupcake-factL,-0.19224899598393574,-0.25313253012048187,0.09164658634538153,0.06171875000000005
confirm_danny,danny,confirm,331,low_prior,Danny is a diabetic,block1,0.06000000000000005,0.25,0.12,11: Danny ate the last cupcake,Danny ate the last cupcake,Danny ate the last cupcake,factL,Danny ate the last cupcake-factL,-0.20224899598393575,-0.25313253012048187,0.12152610441767067,0.06171875000000005
confirm_danny,danny,confirm,349,high_prior,Danny loves cake,block1,0.73,0.58,0.24,11: Danny ate the last cupcake,Danny ate the last cupcake,Danny ate the last cupcake,factH,Danny ate the last cupcake-factH,0.1277510040160642,0.41686746987951806,0.2410441767068273,0.7291015625
confirm_danny,danny,confirm,379,high_prior,Danny loves cake,block1,0.01,0.64,0.6,11: Danny ate the last cupcake,Danny ate the last cupcake,Danny ate the last cupcake,factH,Danny ate the last cupcake-factH,0.18775100401606426,-0.3031325301204819,0.5995983935742971,0.011914062500000001
confirm_danny,danny,confirm,383,low_prior,Danny is a diabetic,block1,0.84,0.51,0.07,11: Danny ate the last cupcake,Danny ate the last cupcake,Danny ate the last cupcake,factL,Danny ate the last cupcake-factL,0.057751004016064256,0.526867469879518,0.0717269076305221,0.838671875
confirm_danny,danny,confirm,423,high_prior,Danny loves cake,block1,0.62,0.58,0.19,11: Danny ate the last cupcake,Danny ate the last cupcake,Danny ate the last cupcake,factH,Danny ate the last cupcake-factH,0.1277510040160642,0.3068674698795181,0.1912449799196787,0.61953125
confirm_danny,danny,confirm,537,low_prior,Danny is a diabetic,block1,0.02000000000000001,0.02,0.01,11: Danny ate the last cupcake,Danny ate the last cupcake,Danny ate the last cupcake,factL,Danny ate the last cupcake-factL,-0.43224899598393574,-0.2931325301204819,0.011967871485943775,0.021875000000000012
confirm_danny,danny,confirm,553,high_prior,Danny loves cake,block1,0.6699999999999999,0.66,0.25,11: Danny ate the last cupcake,Danny ate the last cupcake,Danny ate the last cupcake,factH,Danny ate the last cupcake-factH,0.20775100401606428,0.356867469879518,0.25100401606425704,0.6693359375
confirm_emily,emily,confirm,9,high_prior,Emily has been saving for a year,block1,0.5,0.52,0.19,8: Emily bought a car yesterday,Emily bought a car yesterday,Emily bought a car yesterday,factH,Emily bought a car yesterday-factH,0.06775100401606426,0.18686746987951808,0.1912449799196787,0.5
confirm_emily,emily,confirm,190,high_prior,Emily has been saving for a year,block1,1,0.39,1,8: Emily bought a car yesterday,Emily bought a car yesterday,Emily bought a car yesterday,factH,Emily bought a car yesterday-factH,-0.06224899598393574,0.6868674698795181,0.9979919678714859,0.998046875
confirm_emily,emily,confirm,252,low_prior,Emily never has any money,block1,0.19999999999999996,0.01,0.02,8: Emily bought a car yesterday,Emily bought a car yesterday,Emily bought a car yesterday,factL,Emily bought a car yesterday-factL,-0.44224899598393574,-0.11313253012048197,0.021927710843373492,0.20117187499999994
confirm_emily,emily,confirm,289,high_prior,Emily has been saving for a year,block1,0.25,0.68,0.73,8: Emily bought a car yesterday,Emily bought a car yesterday,Emily bought a car yesterday,factH,Emily bought a car yesterday-factH,0.2277510040160643,-0.06313253012048192,0.7290763052208835,0.2509765625
confirm_emily,emily,confirm,334,high_prior,Emily has been saving for a year,block1,0.73,0.45,0,8: Emily bought a car yesterday,Emily bought a car yesterday,Emily bought a car yesterday,factH,Emily bought a car yesterday-factH,-0.002248995983935742,0.41686746987951806,0.002008032128514056,0.7291015625
confirm_emily,emily,confirm,399,high_prior,Emily has been saving for a year,block1,0.36,0.33,0.1,8: Emily bought a car yesterday,Emily bought a car yesterday,Emily bought a car yesterday,factH,Emily bought a car yesterday-factH,-0.12224899598393574,0.046867469879518064,0.10160642570281125,0.360546875
confirm_emily,emily,confirm,459,high_prior,Emily has been saving for a year,block1,0,0.23,0.14,8: Emily bought a car yesterday,Emily bought a car yesterday,Emily bought a car yesterday,factH,Emily bought a car yesterday-factH,-0.22224899598393574,-0.3131325301204819,0.14144578313253015,0.001953125
confirm_emma,emma,confirm,11,high_prior,Emma is in law school,block1,1,0.69,0,3: Emma studied on Saturday morning,Emma studied on Saturday morning,Emma studied on Saturday morning,factH,Emma studied on Saturday morning-factH,0.2377510040160642,0.6868674698795181,0.002008032128514056,0.998046875
confirm_emma,emma,confirm,12,high_prior,Emma is in law school,block1,0.06000000000000005,0.61,0.17,3: Emma studied on Saturday morning,Emma studied on Saturday morning,Emma studied on Saturday morning,factH,Emma studied on Saturday morning-factH,0.15775100401606423,-0.25313253012048187,0.17132530120481929,0.06171875000000005
confirm_emma,emma,confirm,46,low_prior,Emma is in first grade,block1,0.36,0.62,0.23,3: Emma studied on Saturday morning,Emma studied on Saturday morning,Emma studied on Saturday morning,factL,Emma studied on Saturday morning-factL,0.16775100401606424,0.046867469879518064,0.2310843373493976,0.360546875
confirm_emma,emma,confirm,102,high_prior,Emma is in law school,block1,0.17000000000000004,0.92,0.68,3: Emma studied on Saturday morning,Emma studied on Saturday morning,Emma studied on Saturday morning,factH,Emma studied on Saturday morning-factH,0.4677510040160643,-0.14313253012048188,0.679277108433735,0.17128906250000003
confirm_emma,emma,confirm,151,low_prior,Emma is in first grade,block1,0.03000000000000002,0.27,0.01,3: Emma studied on Saturday morning,Emma studied on Saturday morning,Emma studied on Saturday morning,factL,Emma studied on Saturday morning-factL,-0.18224899598393574,-0.2831325301204819,0.011967871485943775,0.03183593750000002
confirm_emma,emma,confirm,172,low_prior,Emma is in first grade,block1,0.38,0.13,0.46,3: Emma studied on Saturday morning,Emma studied on Saturday morning,Emma studied on Saturday morning,factL,Emma studied on Saturday morning-factL,-0.32224899598393575,0.06686746987951808,0.4601606425702811,0.38046875
confirm_emma,emma,confirm,210,low_prior,Emma is in first grade,block1,0.23,0.35,0.68,3: Emma studied on Saturday morning,Emma studied on Saturday morning,Emma studied on Saturday morning,factL,Emma studied on Saturday morning-factL,-0.10224899598393578,-0.08313253012048191,0.679277108433735,0.23105468750000002
confirm_emma,emma,confirm,227,low_prior,Emma is in first grade,block1,0.12,0.04,0.28,3: Emma studied on Saturday morning,Emma studied on Saturday morning,Emma studied on Saturday morning,factL,Emma studied on Saturday morning-factL,-0.4122489959839358,-0.19313253012048193,0.2808835341365462,0.12148437499999999
confirm_emma,emma,confirm,297,low_prior,Emma is in first grade,block1,1,0.21,0,3: Emma studied on Saturday morning,Emma studied on Saturday morning,Emma studied on Saturday morning,factL,Emma studied on Saturday morning-factL,-0.24224899598393576,0.6868674698795181,0.002008032128514056,0.998046875
confirm_emma,emma,confirm,367,high_prior,Emma is in law school,block1,0,0.8,0.73,3: Emma studied on Saturday morning,Emma studied on Saturday morning,Emma studied on Saturday morning,factH,Emma studied on Saturday morning-factH,0.3477510040160643,-0.3131325301204819,0.7290763052208835,0.001953125
confirm_emma,emma,confirm,380,high_prior,Emma is in law school,block1,0.15000000000000002,0.56,0.81,3: Emma studied on Saturday morning,Emma studied on Saturday morning,Emma studied on Saturday morning,factH,Emma studied on Saturday morning-factH,0.1077510040160643,-0.1631325301204819,0.8087550200803214,0.15136718750000003
confirm_emma,emma,confirm,422,low_prior,Emma is in first grade,block1,0.5700000000000001,0.77,0.77,3: Emma studied on Saturday morning,Emma studied on Saturday morning,Emma studied on Saturday morning,factL,Emma studied on Saturday morning-factL,0.31775100401606426,0.25686746987951814,0.7689156626506024,0.5697265625000001
confirm_emma,emma,confirm,495,high_prior,Emma is in law school,block1,0.02000000000000001,0.71,0.12,3: Emma studied on Saturday morning,Emma studied on Saturday morning,Emma studied on Saturday morning,factH,Emma studied on Saturday morning-factH,0.2577510040160642,-0.2931325301204819,0.12152610441767067,0.021875000000000012
confirm_emma,emma,confirm,514,low_prior,Emma is in first grade,block1,0.32999999999999996,0.43,0.57,3: Emma studied on Saturday morning,Emma studied on Saturday morning,Emma studied on Saturday morning,factL,Emma studied on Saturday morning-factL,-0.02224899598393576,0.016867469879518038,0.569718875502008,0.33066406249999997
confirm_emma,emma,confirm,585,high_prior,Emma is in law school,block1,0.24,0.76,0.24,3: Emma studied on Saturday morning,Emma studied on Saturday morning,Emma studied on Saturday morning,factH,Emma studied on Saturday morning-factH,0.30775100401606426,-0.07313253012048193,0.2410441767068273,0.24101562499999998
confirm_emma,emma,confirm,599,high_prior,Emma is in law school,block1,0.28,0.73,0.66,3: Emma studied on Saturday morning,Emma studied on Saturday morning,Emma studied on Saturday morning,factH,Emma studied on Saturday morning-factH,0.27775100401606423,-0.033132530120481896,0.6593574297188756,0.280859375
confirm_frank,frank,confirm,24,low_prior,Frank is allergic to cats,block1,0.02000000000000001,0.13,0,12: Frank got a cat,Frank got a cat,Frank got a cat,factL,Frank got a cat-factL,-0.32224899598393575,-0.2931325301204819,0.002008032128514056,0.021875000000000012
confirm_frank,frank,confirm,38,low_prior,Frank is allergic to cats,block1,0.9,0.01,0.92,12: Frank got a cat,Frank got a cat,Frank got a cat,factL,Frank got a cat-factL,-0.44224899598393574,0.5868674698795181,0.9183132530120481,0.8984375
confirm_frank,frank,confirm,189,low_prior,Frank is allergic to cats,block1,0.43999999999999995,0.15,0.03,12: Frank got a cat,Frank got a cat,Frank got a cat,factL,Frank got a cat-factL,-0.30224899598393573,0.12686746987951802,0.03188755020080321,0.44023437499999996
confirm_frank,frank,confirm,224,high_prior,Frank has always wanted a pet,block1,0.06999999999999995,0.5,0.63,12: Frank got a cat,Frank got a cat,Frank got a cat,factH,Frank got a cat-factH,0.04775100401606425,-0.24313253012048197,0.6294779116465864,0.07167968749999995
confirm_frank,frank,confirm,346,low_prior,Frank is allergic to cats,block1,0.5,0.03,0.06,12: Frank got a cat,Frank got a cat,Frank got a cat,factL,Frank got a cat-factL,-0.4222489959839357,0.18686746987951808,0.06176706827309236,0.5
confirm_frank,frank,confirm,396,low_prior,Frank is allergic to cats,block1,0.88,0.08,0.1,12: Frank got a cat,Frank got a cat,Frank got a cat,factL,Frank got a cat-factL,-0.37224899598393574,0.5668674698795181,0.10160642570281125,0.878515625
confirm_frank,frank,confirm,454,high_prior,Frank has always wanted a pet,block1,0.07999999999999996,0.47,0.06,12: Frank got a cat,Frank got a cat,Frank got a cat,factH,Frank got a cat-factH,0.01775100401606422,-0.23313253012048196,0.06176706827309236,0.08164062499999997
confirm_frank,frank,confirm,463,high_prior,Frank has always wanted a pet,block1,0.01,0.16,0.01,12: Frank got a cat,Frank got a cat,Frank got a cat,factH,Frank got a cat-factH,-0.2922489959839357,-0.3031325301204819,0.011967871485943775,0.011914062500000001
confirm_frank,frank,confirm,480,low_prior,Frank is allergic to cats,block1,0.85,0.37,0.6,12: Frank got a cat,Frank got a cat,Frank got a cat,factL,Frank got a cat-factL,-0.08224899598393576,0.53686746987951806,0.5995983935742971,0.8486328125
confirm_frank,frank,confirm,526,low_prior,Frank is allergic to cats,block1,0.31999999999999995,0.32,0.36,12: Frank got a cat,Frank got a cat,Frank got a cat,factL,Frank got a cat-factL,-0.13224899598393575,0.006867469879518029,0.36056224899598394,0.320703125
confirm_frank,frank,confirm,536,low_prior,Frank is allergic to cats,block1,0.94,0.04,0.17,12: Frank got a cat,Frank got a cat,Frank got a cat,factL,Frank got a cat-factL,-0.4122489959839358,0.626867469879518,0.17132530120481929,0.93828125
confirm_grace,grace,confirm,29,high_prior,Grace loves her sister,block1,0.28,0.66,0.5,9: Grace visited her sister,Grace visited her sister,Grace visited her sister,factH,Grace visited her sister-factH,0.20775100401606428,-0.033132530120481896,0.5,0.280859375
confirm_grace,grace,confirm,50,low_prior,Grace hates her sister,block1,0.01,0.16,0.08,9: Grace visited her sister,Grace visited her sister,Grace visited her sister,factL,Grace visited her sister-factL,-0.2922489959839357,-0.3031325301204819,0.08168674698795181,0.011914062500000001
confirm_grace,grace,confirm,66,high_prior,Grace loves her sister,block1,0.03000000000000002,0.72,0.53,9: Grace visited her sister,Grace visited her sister,Grace visited her sister,factH,Grace visited her sister-factH,0.2677510040160642,-0.2831325301204819,0.5298795180722892,0.03183593750000002
confirm_grace,grace,confirm,99,low_prior,Grace hates her sister,block1,0.4,0.4,0.63,9: Grace visited her sister,Grace visited her sister,Grace visited her sister,factL,Grace visited her sister-factL,-0.05224899598393573,0.0868674698795181,0.6294779116465864,0.400390625
confirm_grace,grace,confirm,200,high_prior,Grace loves her sister,block1,0.02000000000000001,0.98,0.04,9: Grace visited her sister,Grace visited her sister,Grace visited her sister,factH,Grace visited her sister-factH,0.5277510040160642,-0.2931325301204819,0.04184738955823293,0.021875000000000012
confirm_grace,grace,confirm,259,low_prior,Grace hates her sister,block1,0.09999999999999998,0.32,0,9: Grace visited her sister,Grace visited her sister,Grace visited her sister,factL,Grace visited her sister-factL,-0.13224899598393575,-0.21313253012048194,0.002008032128514056,0.10156249999999997
confirm_grace,grace,confirm,322,high_prior,Grace loves her sister,block1,0.25,0.72,0.51,9: Grace visited her sister,Grace visited her sister,Grace visited her sister,factH,Grace visited her sister-factH,0.2677510040160642,-0.06313253012048192,0.5099598393574297,0.2509765625
confirm_grace,grace,confirm,398,high_prior,Grace loves her sister,block1,0.02000000000000001,0.66,0.62,9: Grace visited her sister,Grace visited her sister,Grace visited her sister,factH,Grace visited her sister-factH,0.20775100401606428,-0.2931325301204819,0.6195180722891566,0.021875000000000012
confirm_grace,grace,confirm,427,low_prior,Grace hates her sister,block1,0.81,0.03,0.02,9: Grace visited her sister,Grace visited her sister,Grace visited her sister,factL,Grace visited her sister-factL,-0.4222489959839357,0.49686746987951813,0.021927710843373492,0.8087890625
confirm_grace,grace,confirm,445,high_prior,Grace loves her sister,block1,0.98,0.79,0.03,9: Grace visited her sister,Grace visited her sister,Grace visited her sister,factH,Grace visited her sister-factH,0.3377510040160643,0.6668674698795181,0.03188755020080321,0.978125
confirm_grace,grace,confirm,546,high_prior,Grace loves her sister,block1,0.02000000000000001,0.99,0.99,9: Grace visited her sister,Grace visited her sister,Grace visited her sister,factH,Grace visited her sister-factH,0.5377510040160642,-0.2931325301204819,0.9880321285140563,0.021875000000000012
confirm_grace,grace,confirm,592,high_prior,Grace loves her sister,block1,0.02000000000000001,0.72,0.02,9: Grace visited her sister,Grace visited her sister,Grace visited her sister,factH,Grace visited her sister-factH,0.2677510040160642,-0.2931325301204819,0.021927710843373492,0.021875000000000012
confirm_grace,grace,confirm,595,high_prior,Grace loves her sister,block1,0.24,0.92,0.12,9: Grace visited her sister,Grace visited her sister,Grace visited her sister,factH,Grace visited her sister-factH,0.4677510040160643,-0.07313253012048193,0.12152610441767067,0.24101562499999998
confirm_isabella,isabella,confirm,51,high_prior,Isabella is from Argentina,block1,0.12,0.59,0.67,7: Isabella ate a steak on Sunday,Isabella ate a steak on Sunday,Isabella ate a steak on Sunday,factH,Isabella ate a steak on Sunday-factH,0.13775100401606422,-0.19313253012048193,0.6693172690763052,0.12148437499999999
confirm_isabella,isabella,confirm,60,low_prior,Isabella is a vegetarian,block1,1,0,0.5,7: Isabella ate a steak on Sunday,Isabella ate a steak on Sunday,Isabella ate a steak on Sunday,factL,Isabella ate a steak on Sunday-factL,-0.45224899598393575,0.6868674698795181,0.5,0.998046875
confirm_isabella,isabella,confirm,70,high_prior,Isabella is from Argentina,block1,0,0.5,0.24,7: Isabella ate a steak on Sunday,Isabella ate a steak on Sunday,Isabella ate a steak on Sunday,factH,Isabella ate a steak on Sunday-factH,0.04775100401606425,-0.3131325301204819,0.2410441767068273,0.001953125
confirm_isabella,isabella,confirm,122,high_prior,Isabella is from Argentina,block1,0.8200000000000001,0.59,0.6,7: Isabella ate a steak on Sunday,Isabella ate a steak on Sunday,Isabella ate a steak on Sunday,factH,Isabella ate a steak on Sunday-factH,0.13775100401606422,0.5068674698795181,0.5995983935742971,0.8187500000000001
confirm_isabella,isabella,confirm,137,low_prior,Isabella is a vegetarian,block1,0.18000000000000005,0,0,7: Isabella ate a steak on Sunday,Isabella ate a steak on Sunday,Isabella ate a steak on Sunday,factL,Isabella ate a steak on Sunday-factL,-0.45224899598393575,-0.13313253012048187,0.002008032128514056,0.18125000000000005
confirm_isabella,isabella,confirm,241,high_prior,Isabella is from Argentina,block1,0,0.49,0.17,7: Isabella ate a steak on Sunday,Isabella ate a steak on Sunday,Isabella ate a steak on Sunday,factH,Isabella ate a steak on Sunday-factH,0.03775100401606424,-0.3131325301204819,0.17132530120481929,0.001953125
confirm_isabella,isabella,confirm,247,high_prior,Isabella is from Argentina,block1,0,0.9,0.05,7: Isabella ate a steak on Sunday,Isabella ate a steak on Sunday,Isabella ate a steak on Sunday,factH,Isabella ate a steak on Sunday-factH,0.44775100401606427,-0.3131325301204819,0.051807228915662654,0.001953125
confirm_isabella,isabella,confirm,250,low_prior,Isabella is a vegetarian,block1,0.35,0.06,0.12,7: Isabella ate a steak on Sunday,Isabella ate a steak on Sunday,Isabella ate a steak on Sunday,factL,Isabella ate a steak on Sunday-factL,-0.39224899598393576,0.036867469879518056,0.12152610441767067,0.3505859375
confirm_isabella,isabella,confirm,254,high_prior,Isabella is from Argentina,block1,0.31000000000000005,0.53,0.3,7: Isabella ate a steak on Sunday,Isabella ate a steak on Sunday,Isabella ate a steak on Sunday,factH,Isabella ate a steak on Sunday-factH,0.07775100401606427,-0.003132530120481869,0.3008032128514056,0.31074218750000004
confirm_isabella,isabella,confirm,343,low_prior,Isabella is a vegetarian,block1,0.20999999999999996,0.23,0.08,7: Isabella ate a steak on Sunday,Isabella ate a steak on Sunday,Isabella ate a steak on Sunday,factL,Isabella ate a steak on Sunday-factL,-0.22224899598393574,-0.10313253012048196,0.08168674698795181,0.21113281249999996
confirm_isabella,isabella,confirm,347,low_prior,Isabella is a vegetarian,block1,0.19999999999999996,0.02,0.03,7: Isabella ate a steak on Sunday,Isabella ate a steak on Sunday,Isabella ate a steak on Sunday,factL,Isabella ate a steak on Sunday-factL,-0.43224899598393574,-0.11313253012048197,0.03188755020080321,0.20117187499999994
confirm_isabella,isabella,confirm,440,low_prior,Isabella is a vegetarian,block1,0.09999999999999998,0.03,0,7: Isabella ate a steak on Sunday,Isabella ate a steak on Sunday,Isabella ate a steak on Sunday,factL,Isabella ate a steak on Sunday-factL,-0.4222489959839357,-0.21313253012048194,0.002008032128514056,0.10156249999999997
confirm_isabella,isabella,confirm,522,high_prior,Isabella is from Argentina,block1,0.35,0.8,0.74,7: Isabella ate a steak on Sunday,Isabella ate a steak on Sunday,Isabella ate a steak on Sunday,factH,Isabella ate a steak on Sunday-factH,0.3477510040160643,0.036867469879518056,0.7390361445783133,0.3505859375
confirm_isabella,isabella,confirm,565,high_prior,Isabella is from Argentina,block1,0.19999999999999996,0.68,0.67,7: Isabella ate a steak on Sunday,Isabella ate a steak on Sunday,Isabella ate a steak on Sunday,factH,Isabella ate a steak on Sunday-factH,0.2277510040160643,-0.11313253012048197,0.6693172690763052,0.20117187499999994
confirm_isabella,isabella,confirm,574,low_prior,Isabella is a vegetarian,block1,0.8,0.04,0,7: Isabella ate a steak on Sunday,Isabella ate a steak on Sunday,Isabella ate a steak on Sunday,factL,Isabella ate a steak on Sunday-factL,-0.4122489959839358,0.4868674698795181,0.002008032128514056,0.798828125
confirm_jackson,jackson,confirm,3,high_prior,Jackson is training for a marathon,block1,0,0.98,0.01,13: Jackson ran 10 miles,Jackson ran 10 miles,Jackson ran 10 miles,factH,Jackson ran 10 miles-factH,0.5277510040160642,-0.3131325301204819,0.011967871485943775,0.001953125
confirm_jackson,jackson,confirm,17,low_prior,Jackson is obese,block1,1,0.01,0.98,13: Jackson ran 10 miles,Jackson ran 10 miles,Jackson ran 10 miles,factL,Jackson ran 10 miles-factL,-0.44224899598393574,0.6868674698795181,0.9780722891566265,0.998046875
confirm_jackson,jackson,confirm,245,high_prior,Jackson is training for a marathon,block1,0.16000000000000003,0.8,0.1,13: Jackson ran 10 miles,Jackson ran 10 miles,Jackson ran 10 miles,factH,Jackson ran 10 miles-factH,0.3477510040160643,-0.1531325301204819,0.10160642570281125,0.16132812500000004
confirm_jackson,jackson,confirm,265,high_prior,Jackson is training for a marathon,block1,0.39,0.83,0.15,13: Jackson ran 10 miles,Jackson ran 10 miles,Jackson ran 10 miles,factH,Jackson ran 10 miles-factH,0.3777510040160642,0.07686746987951809,0.1514056224899598,0.3904296875
confirm_jackson,jackson,confirm,292,high_prior,Jackson is training for a marathon,block1,0.28,0.69,0.59,13: Jackson ran 10 miles,Jackson ran 10 miles,Jackson ran 10 miles,factH,Jackson ran 10 miles-factH,0.2377510040160642,-0.033132530120481896,0.5896385542168674,0.280859375
confirm_jackson,jackson,confirm,294,low_prior,Jackson is obese,block1,0,0,0,13: Jackson ran 10 miles,Jackson ran 10 miles,Jackson ran 10 miles,factL,Jackson ran 10 miles-factL,-0.45224899598393575,-0.3131325301204819,0.002008032128514056,0.001953125
confirm_jackson,jackson,confirm,306,high_prior,Jackson is training for a marathon,block1,0.29000000000000004,0.66,0.19,13: Jackson ran 10 miles,Jackson ran 10 miles,Jackson ran 10 miles,factH,Jackson ran 10 miles-factH,0.20775100401606428,-0.023132530120481887,0.1912449799196787,0.2908203125
confirm_jackson,jackson,confirm,344,high_prior,Jackson is training for a marathon,block1,0,0.92,0,13: Jackson ran 10 miles,Jackson ran 10 miles,Jackson ran 10 miles,factH,Jackson ran 10 miles-factH,0.4677510040160643,-0.3131325301204819,0.002008032128514056,0.001953125
confirm_jackson,jackson,confirm,360,low_prior,Jackson is obese,block1,0.26,0.03,0.1,13: Jackson ran 10 miles,Jackson ran 10 miles,Jackson ran 10 miles,factL,Jackson ran 10 miles-factL,-0.4222489959839357,-0.05313253012048191,0.10160642570281125,0.2609375
confirm_jackson,jackson,confirm,404,low_prior,Jackson is obese,block1,0.8,0.02,0.03,13: Jackson ran 10 miles,Jackson ran 10 miles,Jackson ran 10 miles,factL,Jackson ran 10 miles-factL,-0.43224899598393574,0.4868674698795181,0.03188755020080321,0.798828125
confirm_jackson,jackson,confirm,442,high_prior,Jackson is training for a marathon,block1,1,0.98,0.07,13: Jackson ran 10 miles,Jackson ran 10 miles,Jackson ran 10 miles,factH,Jackson ran 10 miles-factH,0.5277510040160642,0.6868674698795181,0.0717269076305221,0.998046875
confirm_jackson,jackson,confirm,578,high_prior,Jackson is training for a marathon,block1,0,1,0.02,13: Jackson ran 10 miles,Jackson ran 10 miles,Jackson ran 10 miles,factH,Jackson ran 10 miles-factH,0.5477510040160642,-0.3131325301204819,0.021927710843373492,0.001953125
confirm_jackson,jackson,confirm,583,high_prior,Jackson is training for a marathon,block1,0.02000000000000001,0.9,0.5,13: Jackson ran 10 miles,Jackson ran 10 miles,Jackson ran 10 miles,factH,Jackson ran 10 miles-factH,0.44775100401606427,-0.2931325301204819,0.5,0.021875000000000012
confirm_jayden,jayden,confirm,25,high_prior,Jayden's car is in the shop,block1,0.8200000000000001,0.49,0.02,14: Jayden rented a car,Jayden rented a car,Jayden rented a car,factH,Jayden rented a car-factH,0.03775100401606424,0.5068674698795181,0.021927710843373492,0.8187500000000001
confirm_jayden,jayden,confirm,41,high_prior,Jayden's car is in the shop,block1,0.07999999999999996,0.58,0.02,14: Jayden rented a car,Jayden rented a car,Jayden rented a car,factH,Jayden rented a car-factH,0.1277510040160642,-0.23313253012048196,0.021927710843373492,0.08164062499999997
confirm_jayden,jayden,confirm,141,high_prior,Jayden's car is in the shop,block1,0.11,0.5,0.14,14: Jayden rented a car,Jayden rented a car,Jayden rented a car,factH,Jayden rented a car-factH,0.04775100401606425,-0.20313253012048194,0.14144578313253015,0.1115234375
confirm_jayden,jayden,confirm,237,low_prior,Jayden doesn't have a driver's license,block1,0.96,0.21,0.05,14: Jayden rented a car,Jayden rented a car,Jayden rented a car,factL,Jayden rented a car-factL,-0.24224899598393576,0.646867469879518,0.051807228915662654,0.9582031249999999
confirm_jayden,jayden,confirm,317,low_prior,Jayden doesn't have a driver's license,block1,0.05000000000000004,0.03,0,14: Jayden rented a car,Jayden rented a car,Jayden rented a car,factL,Jayden rented a car-factL,-0.4222489959839357,-0.2631325301204819,0.002008032128514056,0.051757812500000035
confirm_jayden,jayden,confirm,354,low_prior,Jayden doesn't have a driver's license,block1,0.8200000000000001,0.36,0.5,14: Jayden rented a car,Jayden rented a car,Jayden rented a car,factL,Jayden rented a car-factL,-0.09224899598393577,0.5068674698795181,0.5,0.8187500000000001
confirm_jayden,jayden,confirm,413,high_prior,Jayden's car is in the shop,block1,0.02000000000000001,0.99,0.01,14: Jayden rented a car,Jayden rented a car,Jayden rented a car,factH,Jayden rented a car-factH,0.5377510040160642,-0.2931325301204819,0.011967871485943775,0.021875000000000012
confirm_jayden,jayden,confirm,496,high_prior,Jayden's car is in the shop,block1,0.02000000000000001,0.54,0.03,14: Jayden rented a car,Jayden rented a car,Jayden rented a car,factH,Jayden rented a car-factH,0.08775100401606428,-0.2931325301204819,0.03188755020080321,0.021875000000000012
confirm_jayden,jayden,confirm,527,low_prior,Jayden doesn't have a driver's license,block1,0.12,0.03,0.23,14: Jayden rented a car,Jayden rented a car,Jayden rented a car,factL,Jayden rented a car-factL,-0.4222489959839357,-0.19313253012048193,0.2310843373493976,0.12148437499999999
confirm_jayden,jayden,confirm,555,high_prior,Jayden's car is in the shop,block1,0.47,0.36,0.18,14: Jayden rented a car,Jayden rented a car,Jayden rented a car,factH,Jayden rented a car-factH,-0.09224899598393577,0.15686746987951805,0.181285140562249,0.4701171875
confirm_jayden,jayden,confirm,572,high_prior,Jayden's car is in the shop,block1,0.07999999999999996,0.5,0.25,14: Jayden rented a car,Jayden rented a car,Jayden rented a car,factH,Jayden rented a car-factH,0.04775100401606425,-0.23313253012048196,0.25100401606425704,0.08164062499999997
confirm_jayden,jayden,confirm,587,high_prior,Jayden's car is in the shop,block1,1,0.82,0.68,14: Jayden rented a car,Jayden rented a car,Jayden rented a car,factH,Jayden rented a car-factH,0.3677510040160642,0.6868674698795181,0.679277108433735,0.998046875
confirm_jon,jon,confirm,48,high_prior,Jon lives 2 blocks away from work,block1,0.12,0.76,0.04,19: Jon walks to work,Jon walks to work,Jon walks to work,factH,Jon walks to work-factH,0.30775100401606426,-0.19313253012048193,0.04184738955823293,0.12148437499999999
confirm_jon,jon,confirm,74,high_prior,Jon lives 2 blocks away from work,block1,0.62,0.7,0.28,19: Jon walks to work,Jon walks to work,Jon walks to work,factH,Jon walks to work-factH,0.2477510040160642,0.3068674698795181,0.2808835341365462,0.61953125
confirm_jon,jon,confirm,104,high_prior,Jon lives 2 blocks away from work,block1,0.23,0.63,0.02,19: Jon walks to work,Jon walks to work,Jon walks to work,factH,Jon walks to work-factH,0.17775100401606425,-0.08313253012048191,0.021927710843373492,0.23105468750000002
confirm_jon,jon,confirm,221,high_prior,Jon lives 2 blocks away from work,block1,0.02000000000000001,0.97,0.34,19: Jon walks to work,Jon walks to work,Jon walks to work,factH,Jon walks to work-factH,0.5177510040160642,-0.2931325301204819,0.34064257028112455,0.021875000000000012
confirm_jon,jon,confirm,243,high_prior,Jon lives 2 blocks away from work,block1,0.30000000000000004,0.78,0,19: Jon walks to work,Jon walks to work,Jon walks to work,factH,Jon walks to work-factH,0.3277510040160643,-0.013132530120481878,0.002008032128514056,0.30078125000000006
confirm_jon,jon,confirm,277,low_prior,Jon lives 10 miles away from work,block1,0.28,0.03,0.18,19: Jon walks to work,Jon walks to work,Jon walks to work,factL,Jon walks to work-factL,-0.4222489959839357,-0.033132530120481896,0.181285140562249,0.280859375
confirm_jon,jon,confirm,357,low_prior,Jon lives 10 miles away from work,block1,0.16000000000000003,0.02,0,19: Jon walks to work,Jon walks to work,Jon walks to work,factL,Jon walks to work-factL,-0.43224899598393574,-0.1531325301204819,0.002008032128514056,0.16132812500000004
confirm_jon,jon,confirm,453,low_prior,Jon lives 10 miles away from work,block1,0.88,0.08,0.25,19: Jon walks to work,Jon walks to work,Jon walks to work,factL,Jon walks to work-factL,-0.37224899598393574,0.5668674698795181,0.25100401606425704,0.878515625
confirm_jon,jon,confirm,488,low_prior,Jon lives 10 miles away from work,block1,0,0.84,0,19: Jon walks to work,Jon walks to work,Jon walks to work,factL,Jon walks to work-factL,0.3877510040160642,-0.3131325301204819,0.002008032128514056,0.001953125
confirm_jon,jon,confirm,545,low_prior,Jon lives 10 miles away from work,block1,0.25,0.15,0.48,19: Jon walks to work,Jon walks to work,Jon walks to work,factL,Jon walks to work-factL,-0.30224899598393573,-0.06313253012048192,0.48008032128514055,0.2509765625
confirm_josh,josh,confirm,71,high_prior,Josh is a 5-year old boy,block1,0.4,0.54,0.54,16: Josh learned to ride a bike yesterday,Josh learned to ride a bike yesterday,Josh learned to ride a bike yesterday,factH,Josh learned to ride a bike yesterday-factH,0.08775100401606428,0.0868674698795181,0.5398393574297189,0.400390625
confirm_josh,josh,confirm,128,low_prior,Josh is a 75-year old man,block1,0.07999999999999996,0.93,0.57,16: Josh learned to ride a bike yesterday,Josh learned to ride a bike yesterday,Josh learned to ride a bike yesterday,factL,Josh learned to ride a bike yesterday-factL,0.4777510040160643,-0.23313253012048196,0.569718875502008,0.08164062499999997
confirm_josh,josh,confirm,233,high_prior,Josh is a 5-year old boy,block1,0.96,0.54,0.03,16: Josh learned to ride a bike yesterday,Josh learned to ride a bike yesterday,Josh learned to ride a bike yesterday,factH,Josh learned to ride a bike yesterday-factH,0.08775100401606428,0.646867469879518,0.03188755020080321,0.9582031249999999
confirm_josh,josh,confirm,302,low_prior,Josh is a 75-year old man,block1,0.97,0.23,0,16: Josh learned to ride a bike yesterday,Josh learned to ride a bike yesterday,Josh learned to ride a bike yesterday,factL,Josh learned to ride a bike yesterday-factL,-0.22224899598393574,0.656867469879518,0.002008032128514056,0.9681640625
confirm_josh,josh,confirm,340,high_prior,Josh is a 5-year old boy,block1,0.03000000000000002,0.57,0.93,16: Josh learned to ride a bike yesterday,Josh learned to ride a bike yesterday,Josh learned to ride a bike yesterday,factH,Josh learned to ride a bike yesterday-factH,0.1177510040160642,-0.2831325301204819,0.928273092369478,0.03183593750000002
confirm_josh,josh,confirm,370,high_prior,Josh is a 5-year old boy,block1,0.12,0.17,0.65,16: Josh learned to ride a bike yesterday,Josh learned to ride a bike yesterday,Josh learned to ride a bike yesterday,factH,Josh learned to ride a bike yesterday-factH,-0.2822489959839357,-0.19313253012048193,0.6493975903614458,0.12148437499999999
confirm_josh,josh,confirm,377,high_prior,Josh is a 5-year old boy,block1,0.05000000000000004,0.65,0.1,16: Josh learned to ride a bike yesterday,Josh learned to ride a bike yesterday,Josh learned to ride a bike yesterday,factH,Josh learned to ride a bike yesterday-factH,0.19775100401606427,-0.2631325301204819,0.10160642570281125,0.051757812500000035
confirm_josh,josh,confirm,443,low_prior,Josh is a 75-year old man,block1,0.01,0.21,0.28,16: Josh learned to ride a bike yesterday,Josh learned to ride a bike yesterday,Josh learned to ride a bike yesterday,factL,Josh learned to ride a bike yesterday-factL,-0.24224899598393576,-0.3031325301204819,0.2808835341365462,0.011914062500000001
confirm_josh,josh,confirm,465,low_prior,Josh is a 75-year old man,block1,0.19999999999999996,0.46,0.17,16: Josh learned to ride a bike yesterday,Josh learned to ride a bike yesterday,Josh learned to ride a bike yesterday,factL,Josh learned to ride a bike yesterday-factL,0.007751004016064267,-0.11313253012048197,0.17132530120481929,0.20117187499999994
confirm_josh,josh,confirm,478,high_prior,Josh is a 5-year old boy,block1,0.18999999999999995,0.24,0.49,16: Josh learned to ride a bike yesterday,Josh learned to ride a bike yesterday,Josh learned to ride a bike yesterday,factH,Josh learned to ride a bike yesterday-factH,-0.21224899598393576,-0.12313253012048198,0.4900401606425703,0.19121093749999996
confirm_josie,josie,confirm,36,low_prior,Josie doesn't have a passport,block1,0.04000000000000003,0,0.02,2: Josie went on vacation to France,Josie went on vacation to France,Josie went on vacation to France,factL,Josie went on vacation to France-factL,-0.45224899598393575,-0.2731325301204819,0.021927710843373492,0.04179687500000003
confirm_josie,josie,confirm,94,low_prior,Josie doesn't have a passport,block1,0.86,0.12,0.1,2: Josie went on vacation to France,Josie went on vacation to France,Josie went on vacation to France,factL,Josie went on vacation to France-factL,-0.33224899598393576,0.5468674698795181,0.10160642570281125,0.8585937499999999
confirm_josie,josie,confirm,175,low_prior,Josie doesn't have a passport,block1,0.37,0.41,0.29,2: Josie went on vacation to France,Josie went on vacation to France,Josie went on vacation to France,factL,Josie went on vacation to France-factL,-0.04224899598393578,0.05686746987951807,0.29084337349397593,0.3705078125
confirm_josie,josie,confirm,177,low_prior,Josie doesn't have a passport,block1,0.15000000000000002,0,0.94,2: Josie went on vacation to France,Josie went on vacation to France,Josie went on vacation to France,factL,Josie went on vacation to France-factL,-0.45224899598393575,-0.1631325301204819,0.9382329317269076,0.15136718750000003
confirm_josie,josie,confirm,202,high_prior,Josie loves France,block1,0.02000000000000001,0.85,0.08,2: Josie went on vacation to France,Josie went on vacation to France,Josie went on vacation to France,factH,Josie went on vacation to France-factH,0.3977510040160642,-0.2931325301204819,0.08168674698795181,0.021875000000000012
confirm_josie,josie,confirm,295,high_prior,Josie loves France,block1,0,1,0,2: Josie went on vacation to France,Josie went on vacation to France,Josie went on vacation to France,factH,Josie went on vacation to France-factH,0.5477510040160642,-0.3131325301204819,0.002008032128514056,0.001953125
confirm_josie,josie,confirm,296,high_prior,Josie loves France,block1,0.8,0.66,0.01,2: Josie went on vacation to France,Josie went on vacation to France,Josie went on vacation to France,factH,Josie went on vacation to France-factH,0.20775100401606428,0.4868674698795181,0.011967871485943775,0.798828125
confirm_josie,josie,confirm,356,low_prior,Josie doesn't have a passport,block1,0.12,0.03,0.23,2: Josie went on vacation to France,Josie went on vacation to France,Josie went on vacation to France,factL,Josie went on vacation to France-factL,-0.4222489959839357,-0.19313253012048193,0.2310843373493976,0.12148437499999999
confirm_josie,josie,confirm,447,low_prior,Josie doesn't have a passport,block1,0.5,0.02,0.49,2: Josie went on vacation to France,Josie went on vacation to France,Josie went on vacation to France,factL,Josie went on vacation to France-factL,-0.43224899598393574,0.18686746987951808,0.4900401606425703,0.5
confirm_josie,josie,confirm,472,high_prior,Josie loves France,block1,0,0.89,0,2: Josie went on vacation to France,Josie went on vacation to France,Josie went on vacation to France,factH,Josie went on vacation to France-factH,0.43775100401606426,-0.3131325301204819,0.002008032128514056,0.001953125
confirm_josie,josie,confirm,552,high_prior,Josie loves France,block1,0.06999999999999995,0.6,0.18,2: Josie went on vacation to France,Josie went on vacation to France,Josie went on vacation to France,factH,Josie went on vacation to France-factH,0.14775100401606422,-0.24313253012048197,0.181285140562249,0.07167968749999995
confirm_josie,josie,confirm,598,high_prior,Josie loves France,block1,1,1,0.18,2: Josie went on vacation to France,Josie went on vacation to France,Josie went on vacation to France,factH,Josie went on vacation to France-factH,0.5477510040160642,0.6868674698795181,0.181285140562249,0.998046875
confirm_julian,julian,confirm,93,high_prior,Julian is Cuban,block1,0.18000000000000005,0.5,0.39,18: Julian dances salsa,Julian dances salsa,Julian dances salsa,factH,Julian dances salsa-factH,0.04775100401606425,-0.13313253012048187,0.3904417670682731,0.18125000000000005
confirm_julian,julian,confirm,114,low_prior,Julian is German,block1,0.19999999999999996,0.14,0.27,18: Julian dances salsa,Julian dances salsa,Julian dances salsa,factL,Julian dances salsa-factL,-0.31224899598393574,-0.11313253012048197,0.2709236947791165,0.20117187499999994
confirm_julian,julian,confirm,194,low_prior,Julian is German,block1,0.06999999999999995,0.01,0.18,18: Julian dances salsa,Julian dances salsa,Julian dances salsa,factL,Julian dances salsa-factL,-0.44224899598393574,-0.24313253012048197,0.181285140562249,0.07167968749999995
confirm_julian,julian,confirm,291,low_prior,Julian is German,block1,0.28,0.22,0.14,18: Julian dances salsa,Julian dances salsa,Julian dances salsa,factL,Julian dances salsa-factL,-0.23224899598393575,-0.033132530120481896,0.14144578313253015,0.280859375
confirm_julian,julian,confirm,301,high_prior,Julian is Cuban,block1,0,0.6,1,18: Julian dances salsa,Julian dances salsa,Julian dances salsa,factH,Julian dances salsa-factH,0.14775100401606422,-0.3131325301204819,0.9979919678714859,0.001953125
confirm_julian,julian,confirm,483,low_prior,Julian is German,block1,0.15000000000000002,0.3,0.26,18: Julian dances salsa,Julian dances salsa,Julian dances salsa,factL,Julian dances salsa-factL,-0.15224899598393576,-0.1631325301204819,0.26096385542168676,0.15136718750000003
confirm_julian,julian,confirm,498,high_prior,Julian is Cuban,block1,0,0.61,0,18: Julian dances salsa,Julian dances salsa,Julian dances salsa,factH,Julian dances salsa-factH,0.15775100401606423,-0.3131325301204819,0.002008032128514056,0.001953125
confirm_julian,julian,confirm,573,low_prior,Julian is German,block1,0.25,0.5,0.51,18: Julian dances salsa,Julian dances salsa,Julian dances salsa,factL,Julian dances salsa-factL,0.04775100401606425,-0.06313253012048192,0.5099598393574297,0.2509765625
confirm_julian,julian,confirm,597,low_prior,Julian is German,block1,0.08999999999999997,0.39,0,18: Julian dances salsa,Julian dances salsa,Julian dances salsa,factL,Julian dances salsa-factL,-0.06224899598393574,-0.22313253012048195,0.002008032128514056,0.09160156249999997
confirm_mary,mary,confirm,96,high_prior,Mary is taking a prenatal yoga class,block1,0.31999999999999995,0.95,0.78,1: Mary is pregnant,Mary is pregnant,Mary is pregnant,factH,Mary is pregnant-factH,0.4977510040160642,0.006867469879518029,0.7788755020080321,0.320703125
confirm_mary,mary,confirm,113,high_prior,Mary is taking a prenatal yoga class,block1,0.46,0.77,0.59,1: Mary is pregnant,Mary is pregnant,Mary is pregnant,factH,Mary is pregnant-factH,0.31775100401606426,0.1468674698795181,0.5896385542168674,0.46015625000000004
confirm_mary,mary,confirm,115,low_prior,Mary is a middle school student,block1,0.43999999999999995,0.02,0.97,1: Mary is pregnant,Mary is pregnant,Mary is pregnant,factL,Mary is pregnant-factL,-0.43224899598393574,0.12686746987951802,0.9681124497991968,0.44023437499999996
confirm_mary,mary,confirm,118,low_prior,Mary is a middle school student,block1,0.06000000000000005,0.01,0.08,1: Mary is pregnant,Mary is pregnant,Mary is pregnant,factL,Mary is pregnant-factL,-0.44224899598393574,-0.25313253012048187,0.08168674698795181,0.06171875000000005
confirm_mary,mary,confirm,133,high_prior,Mary is taking a prenatal yoga class,block1,0.03000000000000002,0.91,0.27,1: Mary is pregnant,Mary is pregnant,Mary is pregnant,factH,Mary is pregnant-factH,0.4577510040160643,-0.2831325301204819,0.2709236947791165,0.03183593750000002
confirm_mary,mary,confirm,155,high_prior,Mary is taking a prenatal yoga class,block1,0.26,0.72,0.22,1: Mary is pregnant,Mary is pregnant,Mary is pregnant,factH,Mary is pregnant-factH,0.2677510040160642,-0.05313253012048191,0.22112449799196787,0.2609375
confirm_mary,mary,confirm,209,low_prior,Mary is a middle school student,block1,0.25,0.05,0.54,1: Mary is pregnant,Mary is pregnant,Mary is pregnant,factL,Mary is pregnant-factL,-0.40224899598393576,-0.06313253012048192,0.5398393574297189,0.2509765625
confirm_mary,mary,confirm,274,high_prior,Mary is taking a prenatal yoga class,block1,0.09999999999999998,1,0.95,1: Mary is pregnant,Mary is pregnant,Mary is pregnant,factH,Mary is pregnant-factH,0.5477510040160642,-0.21313253012048194,0.9481927710843373,0.10156249999999997
confirm_mary,mary,confirm,363,low_prior,Mary is a middle school student,block1,0.7,0.04,0.26,1: Mary is pregnant,Mary is pregnant,Mary is pregnant,factL,Mary is pregnant-factL,-0.4122489959839358,0.38686746987951803,0.26096385542168676,0.69921875
confirm_mary,mary,confirm,385,high_prior,Mary is taking a prenatal yoga class,block1,0.02000000000000001,0.99,0.81,1: Mary is pregnant,Mary is pregnant,Mary is pregnant,factH,Mary is pregnant-factH,0.5377510040160642,-0.2931325301204819,0.8087550200803214,0.021875000000000012
confirm_mary,mary,confirm,390,high_prior,Mary is taking a prenatal yoga class,block1,0.09999999999999998,0.99,0.97,1: Mary is pregnant,Mary is pregnant,Mary is pregnant,factH,Mary is pregnant-factH,0.5377510040160642,-0.21313253012048194,0.9681124497991968,0.10156249999999997
confirm_mary,mary,confirm,484,high_prior,Mary is taking a prenatal yoga class,block1,0.24,0.8,0.11,1: Mary is pregnant,Mary is pregnant,Mary is pregnant,factH,Mary is pregnant-factH,0.3477510040160643,-0.07313253012048193,0.11156626506024096,0.24101562499999998
confirm_mary,mary,confirm,554,low_prior,Mary is a middle school student,block1,0.01,0.24,0.11,1: Mary is pregnant,Mary is pregnant,Mary is pregnant,factL,Mary is pregnant-factL,-0.21224899598393576,-0.3031325301204819,0.11156626506024096,0.011914062500000001
confirm_mia,mia,confirm,39,high_prior,Mia is a college student,block1,0.06000000000000005,0.3,0,6: Mia drank 2 cocktails last night,Mia drank 2 cocktails last night,Mia drank 2 cocktails last night,factH,Mia drank 2 cocktails last night-factH,-0.15224899598393576,-0.25313253012048187,0.002008032128514056,0.06171875000000005
confirm_mia,mia,confirm,149,high_prior,Mia is a college student,block1,0.14,0.41,0.32,6: Mia drank 2 cocktails last night,Mia drank 2 cocktails last night,Mia drank 2 cocktails last night,factH,Mia drank 2 cocktails last night-factH,-0.04224899598393578,-0.1731325301204819,0.32072289156626504,0.14140625
confirm_mia,mia,confirm,198,low_prior,Mia is a nun,block1,0.32999999999999996,0,0.51,6: Mia drank 2 cocktails last night,Mia drank 2 cocktails last night,Mia drank 2 cocktails last night,factL,Mia drank 2 cocktails last night-factL,-0.45224899598393575,0.016867469879518038,0.5099598393574297,0.33066406249999997
confirm_mia,mia,confirm,217,high_prior,Mia is a college student,block1,0.07999999999999996,0.52,0.13,6: Mia drank 2 cocktails last night,Mia drank 2 cocktails last night,Mia drank 2 cocktails last night,factH,Mia drank 2 cocktails last night-factH,0.06775100401606426,-0.23313253012048196,0.13148594377510042,0.08164062499999997
confirm_mia,mia,confirm,248,low_prior,Mia is a nun,block1,0.16000000000000003,0,0,6: Mia drank 2 cocktails last night,Mia drank 2 cocktails last night,Mia drank 2 cocktails last night,factL,Mia drank 2 cocktails last night-factL,-0.45224899598393575,-0.1531325301204819,0.002008032128514056,0.16132812500000004
confirm_mia,mia,confirm,268,high_prior,Mia is a college student,block1,0.37,0.5,0.17,6: Mia drank 2 cocktails last night,Mia drank 2 cocktails last night,Mia drank 2 cocktails last night,factH,Mia drank 2 cocktails last night-factH,0.04775100401606425,0.05686746987951807,0.17132530120481929,0.3705078125
confirm_mia,mia,confirm,284,high_prior,Mia is a college student,block1,0.12,0.19,0.13,6: Mia drank 2 cocktails last night,Mia drank 2 cocktails last night,Mia drank 2 cocktails last night,factH,Mia drank 2 cocktails last night-factH,-0.26224899598393575,-0.19313253012048193,0.13148594377510042,0.12148437499999999
confirm_mia,mia,confirm,364,high_prior,Mia is a college student,block1,0.37,0.86,0.48,6: Mia drank 2 cocktails last night,Mia drank 2 cocktails last night,Mia drank 2 cocktails last night,factH,Mia drank 2 cocktails last night-factH,0.40775100401606423,0.05686746987951807,0.48008032128514055,0.3705078125
confirm_mia,mia,confirm,403,high_prior,Mia is a college student,block1,0.02000000000000001,0.99,0.03,6: Mia drank 2 cocktails last night,Mia drank 2 cocktails last night,Mia drank 2 cocktails last night,factH,Mia drank 2 cocktails last night-factH,0.5377510040160642,-0.2931325301204819,0.03188755020080321,0.021875000000000012
confirm_mia,mia,confirm,547,high_prior,Mia is a college student,block1,0,0.63,0,6: Mia drank 2 cocktails last night,Mia drank 2 cocktails last night,Mia drank 2 cocktails last night,factH,Mia drank 2 cocktails last night-factH,0.17775100401606425,-0.3131325301204819,0.002008032128514056,0.001953125
confirm_mia,mia,confirm,579,low_prior,Mia is a nun,block1,0.04000000000000003,0.03,0.24,6: Mia drank 2 cocktails last night,Mia drank 2 cocktails last night,Mia drank 2 cocktails last night,factL,Mia drank 2 cocktails last night-factL,-0.4222489959839357,-0.2731325301204819,0.2410441767068273,0.04179687500000003
confirm_olivia,olivia,confirm,109,low_prior,Olivia has two small children,block1,0.09999999999999998,0.03,0.04,4: Olivia sleeps until noon,Olivia sleeps until noon,Olivia sleeps until noon,factL,Olivia sleeps until noon-factL,-0.4222489959839357,-0.21313253012048194,0.04184738955823293,0.10156249999999997
confirm_olivia,olivia,confirm,255,low_prior,Olivia has two small children,block1,0.25,0.08,0.11,4: Olivia sleeps until noon,Olivia sleeps until noon,Olivia sleeps until noon,factL,Olivia sleeps until noon-factL,-0.37224899598393574,-0.06313253012048192,0.11156626506024096,0.2509765625
confirm_olivia,olivia,confirm,257,high_prior,Olivia works the third shift,block1,0.02000000000000001,0.69,0.02,4: Olivia sleeps until noon,Olivia sleeps until noon,Olivia sleeps until noon,factH,Olivia sleeps until noon-factH,0.2377510040160642,-0.2931325301204819,0.021927710843373492,0.021875000000000012
confirm_olivia,olivia,confirm,299,high_prior,Olivia works the third shift,block1,0.01,0.91,0.33,4: Olivia sleeps until noon,Olivia sleeps until noon,Olivia sleeps until noon,factH,Olivia sleeps until noon-factH,0.4577510040160643,-0.3031325301204819,0.33068273092369477,0.011914062500000001
confirm_olivia,olivia,confirm,312,low_prior,Olivia has two small children,block1,1,0,0,4: Olivia sleeps until noon,Olivia sleeps until noon,Olivia sleeps until noon,factL,Olivia sleeps until noon-factL,-0.45224899598393575,0.6868674698795181,0.002008032128514056,0.998046875
confirm_olivia,olivia,confirm,392,low_prior,Olivia has two small children,block1,0,0.19,0.06,4: Olivia sleeps until noon,Olivia sleeps until noon,Olivia sleeps until noon,factL,Olivia sleeps until noon-factL,-0.26224899598393575,-0.3131325301204819,0.06176706827309236,0.001953125
confirm_olivia,olivia,confirm,400,high_prior,Olivia works the third shift,block1,0.11,0.85,0.06,4: Olivia sleeps until noon,Olivia sleeps until noon,Olivia sleeps until noon,factH,Olivia sleeps until noon-factH,0.3977510040160642,-0.20313253012048194,0.06176706827309236,0.1115234375
confirm_olivia,olivia,confirm,418,low_prior,Olivia has two small children,block1,0.93,0.04,0.55,4: Olivia sleeps until noon,Olivia sleeps until noon,Olivia sleeps until noon,factL,Olivia sleeps until noon-factL,-0.4122489959839358,0.6168674698795181,0.5497991967871486,0.9283203125
confirm_olivia,olivia,confirm,435,high_prior,Olivia works the third shift,block1,0,0.83,0.24,4: Olivia sleeps until noon,Olivia sleeps until noon,Olivia sleeps until noon,factH,Olivia sleeps until noon-factH,0.3777510040160642,-0.3131325301204819,0.2410441767068273,0.001953125
confirm_olivia,olivia,confirm,449,high_prior,Olivia works the third shift,block1,0.27,0.72,0.17,4: Olivia sleeps until noon,Olivia sleeps until noon,Olivia sleeps until noon,factH,Olivia sleeps until noon-factH,0.2677510040160642,-0.043132530120481904,0.17132530120481929,0.27089843750000003
confirm_olivia,olivia,confirm,467,low_prior,Olivia has two small children,block1,0.04000000000000003,0.07,0,4: Olivia sleeps until noon,Olivia sleeps until noon,Olivia sleeps until noon,factL,Olivia sleeps until noon-factL,-0.38224899598393575,-0.2731325301204819,0.002008032128514056,0.04179687500000003
confirm_olivia,olivia,confirm,474,high_prior,Olivia works the third shift,block1,0.14,0.38,0.65,4: Olivia sleeps until noon,Olivia sleeps until noon,Olivia sleeps until noon,factH,Olivia sleeps until noon-factH,-0.07224899598393575,-0.1731325301204819,0.6493975903614458,0.14140625
confirm_olivia,olivia,confirm,482,low_prior,Olivia has two small children,block1,0.14,0.04,0.03,4: Olivia sleeps until noon,Olivia sleeps until noon,Olivia sleeps until noon,factL,Olivia sleeps until noon-factL,-0.4122489959839358,-0.1731325301204819,0.03188755020080321,0.14140625
confirm_olivia,olivia,confirm,501,low_prior,Olivia has two small children,block1,0.01,0.06,0,4: Olivia sleeps until noon,Olivia sleeps until noon,Olivia sleeps until noon,factL,Olivia sleeps until noon-factL,-0.39224899598393576,-0.3031325301204819,0.002008032128514056,0.011914062500000001
confirm_olivia,olivia,confirm,568,high_prior,Olivia works the third shift,block1,0.01,0.31,0.02,4: Olivia sleeps until noon,Olivia sleeps until noon,Olivia sleeps until noon,factH,Olivia sleeps until noon-factH,-0.14224899598393576,-0.3031325301204819,0.021927710843373492,0.011914062500000001
confirm_owen,owen,confirm,57,low_prior,Owen lives in New Orleans,block1,0.18000000000000005,0.08,0.03,17: Owen shoveled snow last winter,Owen shoveled snow last winter,Owen shoveled snow last winter,factL,Owen shoveled snow last winter-factL,-0.37224899598393574,-0.13313253012048187,0.03188755020080321,0.18125000000000005
confirm_owen,owen,confirm,106,low_prior,Owen lives in New Orleans,block1,0.97,0.98,1,17: Owen shoveled snow last winter,Owen shoveled snow last winter,Owen shoveled snow last winter,factL,Owen shoveled snow last winter-factL,0.5277510040160642,0.656867469879518,0.9979919678714859,0.9681640625
confirm_owen,owen,confirm,131,low_prior,Owen lives in New Orleans,block1,1,0,0,17: Owen shoveled snow last winter,Owen shoveled snow last winter,Owen shoveled snow last winter,factL,Owen shoveled snow last winter-factL,-0.45224899598393575,0.6868674698795181,0.002008032128514056,0.998046875
confirm_owen,owen,confirm,157,low_prior,Owen lives in New Orleans,block1,0.95,0.11,0.12,17: Owen shoveled snow last winter,Owen shoveled snow last winter,Owen shoveled snow last winter,factL,Owen shoveled snow last winter-factL,-0.34224899598393577,0.636867469879518,0.12152610441767067,0.9482421875
confirm_owen,owen,confirm,184,high_prior,Owen lives in Chicago,block1,0.07999999999999996,0.79,0.03,17: Owen shoveled snow last winter,Owen shoveled snow last winter,Owen shoveled snow last winter,factH,Owen shoveled snow last winter-factH,0.3377510040160643,-0.23313253012048196,0.03188755020080321,0.08164062499999997
confirm_owen,owen,confirm,222,low_prior,Owen lives in New Orleans,block1,0.31999999999999995,0.14,0.83,17: Owen shoveled snow last winter,Owen shoveled snow last winter,Owen shoveled snow last winter,factL,Owen shoveled snow last winter-factL,-0.31224899598393574,0.006867469879518029,0.8286746987951807,0.320703125
confirm_owen,owen,confirm,223,high_prior,Owen lives in Chicago,block1,0.03000000000000002,0.82,0,17: Owen shoveled snow last winter,Owen shoveled snow last winter,Owen shoveled snow last winter,factH,Owen shoveled snow last winter-factH,0.3677510040160642,-0.2831325301204819,0.002008032128514056,0.03183593750000002
confirm_owen,owen,confirm,309,low_prior,Owen lives in New Orleans,block1,0.92,0.1,0.1,17: Owen shoveled snow last winter,Owen shoveled snow last winter,Owen shoveled snow last winter,factL,Owen shoveled snow last winter-factL,-0.3522489959839358,0.6068674698795181,0.10160642570281125,0.9183593750000001
confirm_owen,owen,confirm,381,low_prior,Owen lives in New Orleans,block1,0.87,0.04,0.18,17: Owen shoveled snow last winter,Owen shoveled snow last winter,Owen shoveled snow last winter,factL,Owen shoveled snow last winter-factL,-0.4122489959839358,0.5568674698795181,0.181285140562249,0.8685546875
confirm_owen,owen,confirm,451,high_prior,Owen lives in Chicago,block1,0.55,0.98,0.45,17: Owen shoveled snow last winter,Owen shoveled snow last winter,Owen shoveled snow last winter,factH,Owen shoveled snow last winter-factH,0.5277510040160642,0.23686746987951812,0.45020080321285144,0.5498046875
confirm_owen,owen,confirm,475,high_prior,Owen lives in Chicago,block1,0.21999999999999997,0.85,0.64,17: Owen shoveled snow last winter,Owen shoveled snow last winter,Owen shoveled snow last winter,factH,Owen shoveled snow last winter-factH,0.3977510040160642,-0.09313253012048195,0.639437751004016,0.22109374999999998
confirm_owen,owen,confirm,477,low_prior,Owen lives in New Orleans,block1,0.15000000000000002,0.16,0.4,17: Owen shoveled snow last winter,Owen shoveled snow last winter,Owen shoveled snow last winter,factL,Owen shoveled snow last winter-factL,-0.2922489959839357,-0.1631325301204819,0.4004016064257028,0.15136718750000003
confirm_owen,owen,confirm,497,high_prior,Owen lives in Chicago,block1,0.05000000000000004,0.81,0,17: Owen shoveled snow last winter,Owen shoveled snow last winter,Owen shoveled snow last winter,factH,Owen shoveled snow last winter-factH,0.3577510040160643,-0.2631325301204819,0.002008032128514056,0.051757812500000035
confirm_owen,owen,confirm,556,low_prior,Owen lives in New Orleans,block1,0.08999999999999997,0.12,0.01,17: Owen shoveled snow last winter,Owen shoveled snow last winter,Owen shoveled snow last winter,factL,Owen shoveled snow last winter-factL,-0.33224899598393576,-0.22313253012048195,0.011967871485943775,0.09160156249999997
confirm_sophia,sophia,confirm,45,low_prior,Sophia is a high end fashion model,block1,0.7,0.93,0.96,5: Sophia got a tattoo,Sophia got a tattoo,Sophia got a tattoo,factL,Sophia got a tattoo-factL,0.4777510040160643,0.38686746987951803,0.958152610441767,0.69921875
confirm_sophia,sophia,confirm,101,high_prior,Sophia is a hipster,block1,0.31000000000000005,0.94,0,5: Sophia got a tattoo,Sophia got a tattoo,Sophia got a tattoo,factH,Sophia got a tattoo-factH,0.4877510040160642,-0.003132530120481869,0.002008032128514056,0.31074218750000004
confirm_sophia,sophia,confirm,179,low_prior,Sophia is a high end fashion model,block1,0.53,0.48,0.26,5: Sophia got a tattoo,Sophia got a tattoo,Sophia got a tattoo,factL,Sophia got a tattoo-factL,0.02775100401606423,0.2168674698795181,0.26096385542168676,0.5298828125
confirm_sophia,sophia,confirm,195,low_prior,Sophia is a high end fashion model,block1,0.31000000000000005,0.15,0.09,5: Sophia got a tattoo,Sophia got a tattoo,Sophia got a tattoo,factL,Sophia got a tattoo-factL,-0.30224899598393573,-0.003132530120481869,0.09164658634538153,0.31074218750000004
confirm_sophia,sophia,confirm,303,low_prior,Sophia is a high end fashion model,block1,0.24,0.31,0.27,5: Sophia got a tattoo,Sophia got a tattoo,Sophia got a tattoo,factL,Sophia got a tattoo-factL,-0.14224899598393576,-0.07313253012048193,0.2709236947791165,0.24101562499999998
confirm_sophia,sophia,confirm,329,low_prior,Sophia is a high end fashion model,block1,0.25,0.18,0.05,5: Sophia got a tattoo,Sophia got a tattoo,Sophia got a tattoo,factL,Sophia got a tattoo-factL,-0.27224899598393576,-0.06313253012048192,0.051807228915662654,0.2509765625
confirm_sophia,sophia,confirm,353,low_prior,Sophia is a high end fashion model,block1,0.5,0.23,0.17,5: Sophia got a tattoo,Sophia got a tattoo,Sophia got a tattoo,factL,Sophia got a tattoo-factL,-0.22224899598393574,0.18686746987951808,0.17132530120481929,0.5
confirm_sophia,sophia,confirm,362,high_prior,Sophia is a hipster,block1,0.96,0.28,0,5: Sophia got a tattoo,Sophia got a tattoo,Sophia got a tattoo,factH,Sophia got a tattoo-factH,-0.17224899598393573,0.646867469879518,0.002008032128514056,0.9582031249999999
confirm_sophia,sophia,confirm,458,high_prior,Sophia is a hipster,block1,0.23,0.52,0.2,5: Sophia got a tattoo,Sophia got a tattoo,Sophia got a tattoo,factH,Sophia got a tattoo-factH,0.06775100401606426,-0.08313253012048191,0.20120481927710843,0.23105468750000002
confirm_sophia,sophia,confirm,462,low_prior,Sophia is a high end fashion model,block1,0.06999999999999995,0.34,0.01,5: Sophia got a tattoo,Sophia got a tattoo,Sophia got a tattoo,factL,Sophia got a tattoo-factL,-0.11224899598393573,-0.24313253012048197,0.011967871485943775,0.07167968749999995
confirm_sophia,sophia,confirm,471,low_prior,Sophia is a high end fashion model,block1,0.05000000000000004,0.26,0.02,5: Sophia got a tattoo,Sophia got a tattoo,Sophia got a tattoo,factL,Sophia got a tattoo-factL,-0.19224899598393574,-0.2631325301204819,0.021927710843373492,0.051757812500000035
confirm_sophia,sophia,confirm,518,high_prior,Sophia is a hipster,block1,0.11,0.81,0.18,5: Sophia got a tattoo,Sophia got a tattoo,Sophia got a tattoo,factH,Sophia got a tattoo-factH,0.3577510040160643,-0.20313253012048194,0.181285140562249,0.1115234375
confirm_sophia,sophia,confirm,534,low_prior,Sophia is a high end fashion model,block1,0.31000000000000005,0.21,0.03,5: Sophia got a tattoo,Sophia got a tattoo,Sophia got a tattoo,factL,Sophia got a tattoo-factL,-0.24224899598393576,-0.003132530120481869,0.03188755020080321,0.31074218750000004
confirm_tony,tony,confirm,33,high_prior,Tony really likes to party with his friends,block1,0.11,0.83,0.07,15: Tony had a drink last night,Tony had a drink last night,Tony had a drink last night,factH,Tony had a drink last night-factH,0.3777510040160642,-0.20313253012048194,0.0717269076305221,0.1115234375
confirm_tony,tony,confirm,110,low_prior,Tony has been sober for 20 years,block1,0.03000000000000002,0.07,0.04,15: Tony had a drink last night,Tony had a drink last night,Tony had a drink last night,factL,Tony had a drink last night-factL,-0.38224899598393575,-0.2831325301204819,0.04184738955823293,0.03183593750000002
confirm_tony,tony,confirm,119,high_prior,Tony really likes to party with his friends,block1,0.09999999999999998,0.75,0.48,15: Tony had a drink last night,Tony had a drink last night,Tony had a drink last night,factH,Tony had a drink last night-factH,0.29775100401606425,-0.21313253012048194,0.48008032128514055,0.10156249999999997
confirm_tony,tony,confirm,142,low_prior,Tony has been sober for 20 years,block1,0.02000000000000001,0,0.03,15: Tony had a drink last night,Tony had a drink last night,Tony had a drink last night,factL,Tony had a drink last night-factL,-0.45224899598393575,-0.2931325301204819,0.03188755020080321,0.021875000000000012
confirm_tony,tony,confirm,147,high_prior,Tony really likes to party with his friends,block1,0.04000000000000003,0.72,0.88,15: Tony had a drink last night,Tony had a drink last night,Tony had a drink last night,factH,Tony had a drink last night-factH,0.2677510040160642,-0.2731325301204819,0.8784738955823294,0.04179687500000003
confirm_tony,tony,confirm,251,low_prior,Tony has been sober for 20 years,block1,0.02000000000000001,0.01,0.02,15: Tony had a drink last night,Tony had a drink last night,Tony had a drink last night,factL,Tony had a drink last night-factL,-0.44224899598393574,-0.2931325301204819,0.021927710843373492,0.021875000000000012
confirm_tony,tony,confirm,348,low_prior,Tony has been sober for 20 years,block1,0.25,0.35,0.06,15: Tony had a drink last night,Tony had a drink last night,Tony had a drink last night,factL,Tony had a drink last night-factL,-0.10224899598393578,-0.06313253012048192,0.06176706827309236,0.2509765625
confirm_tony,tony,confirm,391,low_prior,Tony has been sober for 20 years,block1,0.03000000000000002,0.93,0.72,15: Tony had a drink last night,Tony had a drink last night,Tony had a drink last night,factL,Tony had a drink last night-factL,0.4777510040160643,-0.2831325301204819,0.7191164658634538,0.03183593750000002
confirm_tony,tony,confirm,425,low_prior,Tony has been sober for 20 years,block1,0.06999999999999995,0.01,0.05,15: Tony had a drink last night,Tony had a drink last night,Tony had a drink last night,factL,Tony had a drink last night-factL,-0.44224899598393574,-0.24313253012048197,0.051807228915662654,0.07167968749999995
confirm_tony,tony,confirm,542,low_prior,Tony has been sober for 20 years,block1,0.19999999999999996,0.12,0.72,15: Tony had a drink last night,Tony had a drink last night,Tony had a drink last night,factL,Tony had a drink last night-factL,-0.33224899598393576,-0.11313253012048197,0.7191164658634538,0.20117187499999994
confirm_zoe,zoe,confirm,21,low_prior,Zoe is 5 years old,block1,0.6799999999999999,0.03,0,10: Zoe calculated the tip,Zoe calculated the tip,Zoe calculated the tip,factL,Zoe calculated the tip-factL,-0.4222489959839357,0.366867469879518,0.002008032128514056,0.6792968749999999
confirm_zoe,zoe,confirm,32,low_prior,Zoe is 5 years old,block1,0.41,0.03,0.08,10: Zoe calculated the tip,Zoe calculated the tip,Zoe calculated the tip,factL,Zoe calculated the tip-factL,-0.4222489959839357,0.09686746987951805,0.08168674698795181,0.4103515625
confirm_zoe,zoe,confirm,97,low_prior,Zoe is 5 years old,block1,0.25,0.09,0.43,10: Zoe calculated the tip,Zoe calculated the tip,Zoe calculated the tip,factL,Zoe calculated the tip-factL,-0.3622489959839358,-0.06313253012048192,0.430281124497992,0.2509765625
confirm_zoe,zoe,confirm,112,low_prior,Zoe is 5 years old,block1,0.05000000000000004,0.48,0.03,10: Zoe calculated the tip,Zoe calculated the tip,Zoe calculated the tip,factL,Zoe calculated the tip-factL,0.02775100401606423,-0.2631325301204819,0.03188755020080321,0.051757812500000035
confirm_zoe,zoe,confirm,138,low_prior,Zoe is 5 years old,block1,0.04000000000000003,0.01,0.05,10: Zoe calculated the tip,Zoe calculated the tip,Zoe calculated the tip,factL,Zoe calculated the tip-factL,-0.44224899598393574,-0.2731325301204819,0.051807228915662654,0.04179687500000003
confirm_zoe,zoe,confirm,211,low_prior,Zoe is 5 years old,block1,0.49,0,0.15,10: Zoe calculated the tip,Zoe calculated the tip,Zoe calculated the tip,factL,Zoe calculated the tip-factL,-0.45224899598393575,0.17686746987951807,0.1514056224899598,0.4900390625
confirm_zoe,zoe,confirm,332,high_prior,Zoe is a math major,block1,0.17000000000000004,0.69,0,10: Zoe calculated the tip,Zoe calculated the tip,Zoe calculated the tip,factH,Zoe calculated the tip-factH,0.2377510040160642,-0.14313253012048188,0.002008032128514056,0.17128906250000003
confirm_zoe,zoe,confirm,361,high_prior,Zoe is a math major,block1,0,1,0,10: Zoe calculated the tip,Zoe calculated the tip,Zoe calculated the tip,factH,Zoe calculated the tip-factH,0.5477510040160642,-0.3131325301204819,0.002008032128514056,0.001953125
confirm_zoe,zoe,confirm,366,high_prior,Zoe is a math major,block1,0.49,0.98,0.34,10: Zoe calculated the tip,Zoe calculated the tip,Zoe calculated the tip,factH,Zoe calculated the tip-factH,0.5277510040160642,0.17686746987951807,0.34064257028112455,0.4900390625
confirm_zoe,zoe,confirm,452,high_prior,Zoe is a math major,block1,0.24,0.69,0,10: Zoe calculated the tip,Zoe calculated the tip,Zoe calculated the tip,factH,Zoe calculated the tip-factH,0.2377510040160642,-0.07313253012048193,0.002008032128514056,0.24101562499999998
confirm_zoe,zoe,confirm,548,high_prior,Zoe is a math major,block1,0.99,0.88,0.37,10: Zoe calculated the tip,Zoe calculated the tip,Zoe calculated the tip,factH,Zoe calculated the tip-factH,0.42775100401606425,0.6768674698795181,0.37052208835341366,0.9880859375
